idProducto,nomProducto,costo,iva
248,Zapatos de lona,258606,4396302
195,Leggings deportivos,190550,2477150
213,Chaqueta de cuero,553575,4982175
237,Shorts de playa,407771,6116565
974,Zapatos deportivos,582815,582815
792,Vestido de verano,225941,1807528
581,Sudadera con capucha,583323,8749845
356,Pines (accesorios),432887,5627531
661,Jersey de lana,478867,6704138
221,Camiseta básica,420028,7140476
214,Falda plisada,549843,549843
524,Sudadera,392574,392574
325,Vestido de noche,256287,4613166
850,Chaleco acolchado,489152,1467456
573,Gafas de sol,268803,1881621
402,Gorra,183306,1466448
497,Chaqueta vaquera,522463,2612315
92,Leggings deportivos,260711,4171376
719,Sombrero de verano,211461,2114610
71,Zapatos de vestir,544571,4901139
864,Sudadera ligera,370676,3336084
376,Camisa Basica,477048,7155720
51,Zapatos de tacón,546426,10382094
325,Cartera,313140,626280
82,Abrigo largo,494484,6922776
169,Gafas de sol,265125,1855875
620,Pantalones de yoga,460494,5986422
761,Pantaloneta,388511,2331066
730,Termo,248063,3720945
168,Reloj de pulsera,351954,3871494
365,Camisa a rayas,235289,705867
58,Botas de montaña,429038,3003266
36,Pantalones de yoga,189895,189895
622,Sudadera,234501,2814012
318,Bono Regalo,580923,2904615
639,Cordones,544717,5991887
563,Bikini,244512,1467072
570,Leggings deportivos,364131,4005441
864,Vestido,295356,590712
720,Sudadera con capucha,285439,3996146
37,Chaqueta de cuero,576068,5760680
326,Chaqueta Cuero Dama,578888,6367768
772,Zapatos de vestir,491785,4917850
483,Correa,574694,7471022
379,Gorra,428876,6433140
707,Chándal,400876,5211388
204,Corbata de seda,570250,1140500
351,Shorts de playa,414160,2484960
121,Pañuelo de seda,339915,4758810
6,Bolso de mano,292530,292530
432,Chaqueta Cuero Dama,567349,2269396
395,Medias Tobilleras,567796,5110164
406,Chaqueta vaquera,559644,4477152
856,Pantalon,333445,4001340
131,Pañuelo de seda,205928,617784
219,Blusa estampada,322562,4838430
120,Shorts de playa,599347,7192164
505,Leggings deportivos,337685,4389905
923,Bolso de mano,565209,6217299
90,Bono Regalo,338409,3722499
318,Camiseta básica,554649,4437192
28,Shorts de playa,277495,3329940
178,Gorro de esquí,298381,5370858
733,Pijama de algodón,487639,7802224
872,Pantalones vaqueros,269944,2159552
64,Sudadera con capucha,256839,3338907
104,Chaqueta vaquera,264189,1849323
655,Shorts de playa,169799,2037588
725,Mono corto,282383,1129532
358,Pantalones de yoga,167838,1174866
609,Bono Regalo,342448,6506512
703,Pantalones de yoga,323506,6146614
129,Camisa a rayas,260343,2863773
420,Gafas de sol,557832,1673496
217,Leggings deportivos,557834,5020506
26,Vestido de verano,405752,3651768
248,Corbata de seda,521103,6774339
573,Camisa a rayas,170267,170267
522,Blusa estampada,574193,4593544
742,Camisa Polo,313978,5965582
114,Bikini,584306,7595978
781,Blusa,274139,2467251
766,Zapatos,554616,3882312
190,Sombrero de verano,171170,1198190
909,Pijama de algodón,254231,1779617
621,Calcetines de algodón,317671,5718078
673,Falda plisada,216891,1518237
360,Camiseta de tirantes,190875,3054000
37,Blusa,164700,1482300
994,Gafas de sol,195495,390990
857,Pantalones vaqueros,204493,817972
359,Correa,471284,2827704
259,Sombrero de verano,550419,6054609
950,Shorts de playa,236822,947288
291,Pantalones de yoga,492059,4920590
629,Pantalones cargo,227732,2505052
904,Botas de montaña,452679,2716074
69,Camisa Basica,298492,1492460
706,Shorts de playa,471867,1415601
639,Pantalones vaqueros,451651,4064859
734,Camiseta de tirantes,382336,6882048
641,Gorros de baño,321466,0
554,Gorro de lana,390919,5863785
140,Chaqueta Cuero Caballero,414888,4563768
279,Abrigo largo,181564,3449716
647,Bono Regalo,516627,9815913
505,Pijama de algodón,575906,6334966
900,Pijama de algodón,548353,548353
356,Pantalones de yoga,402956,6447296
886,Falda plisada,504880,5048800
971,Pantalones vaqueros,579746,6956952
686,Traje de baño,531415,2125660
255,Zapatos de lona,566461,5664610
457,Pantaloneta,392752,785504
686,Cinturón de cuero,278540,3621020
474,Chaqueta vaquera,397393,397393
98,Chaqueta de invierno,372023,372023
171,Chaqueta Cuero Dama,500700,8011200
745,Pantaloneta,303463,3641556
925,Medias Largas,500521,0
143,Shorts de playa,293600,0
645,Cinturón de cuero,281034,2529306
980,Buso,297071,2673639
444,Zapatillas de casa,366910,5503650
286,Termo,258408,775224
732,Chaqueta de invierno,376372,3763720
120,Sudadera con capucha,586754,9388064
299,Pantalon,341710,4783940
966,Chándal,566809,9068944
665,Calcetines de algodón,477519,3342633
776,Chándal,505790,8598430
588,Bolso de mano,553766,8860256
636,Chaqueta vaquera,519291,1038582
438,Camiseta polo,531392,4251136
956,Pañuelo de seda,174834,349668
222,Anillo de diamantes,159247,2707199
223,Bufanda de lana,515898,6706674
938,Sudadera ligera,443854,3550832
936,Zapatos de vestir,239159,717477
416,Vestido elegante,263454,1844178
858,Termo,337387,4723418
978,Termo,351046,4914644
68,Camiseta básica,313922,2197454
728,Cordones,406747,5287711
601,Traje de baño,300046,5700874
814,Medias Largas,168604,1348832
881,Chaqueta de invierno,512492,6149904
963,Sudadera con capucha,395265,2371590
41,Cartera,243117,2188053
784,Sombrero de verano,516347,6196164
36,Cordones,177747,3199446
24,Chaqueta vaquera,279334,3631342
572,Vestido de noche,431048,1724192
657,Pantaloneta,192829,0
925,Termo,243455,3651825
968,Abrigo largo,371937,6322929
62,Reloj Caballero,293916,5584404
472,Chaqueta vaquera,306118,0
867,Traje de baño,496218,8931924
490,Camiseta de tirantes,399720,1199160
605,Pantalones de yoga,399692,5995380
213,Sombrero de verano,530428,530428
67,Sombrero de verano,266986,800958
571,Camisa Cuello V,492242,7875872
732,Short,330270,4293510
79,Botas de montaña,264295,264295
898,Sudadera con capucha,476043,3332301
121,Sombrero de verano,438841,0
440,Pantalones vaqueros,517538,4657842
492,Bolso de mano,177935,889675
143,Zapatos deportivos,374475,374475
615,Cordones,295480,295480
570,Botas de montaña,343357,2403499
852,Camisa a rayas,385049,1540196
653,Chaqueta de invierno,423400,5080800
459,Bono Regalo,572321,4578568
178,Blusa de seda,543646,8698336
359,Pantalon,351192,1053576
841,Traje de baño,186131,2419703
728,Botas de montaña,271905,3534765
23,Reloj de pulsera,234998,1644986
344,Sudadera ligera,435289,435289
311,Chaqueta Cuero Dama,258935,4919765
317,Pantalones cortos,357448,1787240
32,Zapatos de vestir,450526,7658942
767,Camisa a rayas,203858,203858
954,Chaqueta Cuero Dama,401012,6817204
863,Abrigo largo,327846,1967076
583,Zapatillas de casa,518524,9851956
718,Blusa,518087,9325566
362,Blusa estampada,250243,2752673
876,Cartera,537489,8062335
463,Gafas de sol,351977,4575701
938,Vestido de verano,275116,0
644,Calcetines de algodón,294836,4127704
907,Sudadera ligera,220867,2650404
235,Medias Tobilleras,284676,5124168
430,Camisa a rayas,584750,3508500
0,Anillo de diamantes,342833,2399831
132,Shorts de playa,502020,7530300
663,Leggings deportivos,529659,6885567
991,Camiseta de tirantes,443515,887030
198,Chaqueta Cuero Caballero,374958,749916
1,Camiseta básica,229205,2521255
676,Camisa Cuello V,400238,4002380
33,Camisa Cuello V,159443,2869974
356,Chaqueta vaquera,243438,3895008
95,Blusa de seda,582895,3497370
633,Bikini,297842,595684
84,Short,571320,2285280
362,Cartera,186570,3358260
636,Camisa a rayas,387967,775934
992,Camisa Polo,545954,7097402
471,Camiseta de tirantes,576042,4608336
244,Camisa Basica,300938,2407504
408,Pantalones cortos,395065,790130
950,Cartera,378744,6059904
35,Gorro de esquí,466512,5598144
434,Cordones,179841,359682
188,Pines (accesorios),339756,5096340
840,Blusa,476425,1429275
498,Calcetines de algodón,150021,1950273
444,Buso,596527,3579162
695,Gorro de esquí,366351,3663510
834,Bufanda de lana,342774,6512706
434,Chaleco acolchado,230434,3226076
53,Sudadera ligera,554555,9427435
566,Chándal,581351,581351
371,Jersey de lana,488991,5867892
892,Reloj de pulsera,154507,927042
720,Pines (accesorios),526008,1578024
422,Sudadera con capucha,291497,2040479
305,Camisa a rayas,454096,3178672
731,Corbata de seda,295226,1771356
240,Chaqueta vaquera,560252,2241008
648,Vestido,461337,7381392
398,Camisa Cuello V,194688,389376
71,Blusa,277026,2493234
248,Chaleco acolchado,442736,4427360
4,Camiseta polo,157180,2357700
434,Correa,196485,3733215
625,Pantalones vaqueros,203669,2240359
300,Blusa,253003,4554054
3,Camiseta de tirantes,453847,3630776
85,Blusa,423104,8038976
442,Corbata de seda,557121,10585299
659,Gafas de sol,190920,2481960
150,Sombrero de verano,330291,2642328
165,Zapatos de tacón,588549,2942745
123,Camisa Cuello V,218446,1092230
562,Pantaloneta,479278,6709892
210,Chaleco acolchado,517742,9319356
51,Gorro de esquí,260829,3129948
652,Zapatillas de casa,234933,3758928
297,Leggings deportivos,367324,6979156
713,Termo,400617,2003085
77,Sudadera ligera,209299,3348784
433,Correa,515731,0
65,Zapatos de tacón,248064,1240320
372,Blusa estampada,447070,0
496,Bikini,457046,7312736
999,Camiseta polo,287105,3732365
877,Camisa Polo,170168,2722688
47,Blusa,391710,5483940
631,Gorro de esquí,298292,2088044
323,Sombrero de verano,157947,2843046
962,Chaqueta Cuero Caballero,209762,1048810
783,Vestido de verano,238057,952228
582,Sudadera,420433,6726928
637,Pijama de algodón,165697,497091
691,Mono corto,339356,4750984
931,Abrigo largo,258046,3354598
679,Bufanda de lana,531339,5313390
443,Camiseta básica,391991,0
444,Mono corto,567960,1135920
679,Corbata de seda,502540,1005080
417,Pantalones vaqueros,231860,927440
989,Sudadera,502615,6533995
391,Vestido elegante,350530,4907420
212,Buso,489236,6849304
953,Vestido elegante,335451,670902
522,Gorro de lana,521184,0
403,Blusa,539388,4315104
152,Vestido de verano,282937,848811
700,Zapatos de tacón,232399,4183182
544,Sombrero de verano,237983,951932
846,Chaleco acolchado,529661,2118644
418,Sudadera ligera,243033,2916396
631,Cartera,465431,930862
684,Reloj de pulsera,516044,1032088
22,Sudadera,275830,4689110
754,Chaqueta vaquera,174567,872835
604,Gorra,275033,4675561
504,Bikini,159888,1918656
778,Pantalon,503009,1509027
175,Traje de baño,374762,3747620
498,Medias Largas,228086,4105548
666,Zapatillas de casa,170982,0
870,Reloj Caballero,238973,2867676
649,Cartera,306095,4285330
26,Short,252159,1765113
742,Chaqueta de invierno,184085,2393105
404,Jersey de lana,465885,4192965
13,Bikini,342577,3768347
88,Pijama de algodón,353867,1769335
815,Falda plisada,523678,8378848
471,Gorros de baño,562227,3935589
236,Sudadera ligera,546813,3280878
181,Chaqueta de invierno,572344,4006408
593,Gorros de baño,344921,0
205,Calcetines de algodón,334499,3679489
34,Buso,178267,1069602
132,Blusa de seda,503543,5035430
387,Pijama de algodón,287037,287037
928,Sudadera ligera,590541,10629738
729,Falda plisada,388089,0
681,Camiseta básica,571232,5141088
596,Reloj de pulsera,423915,423915
834,Zapatos de lona,267073,1068292
855,Correa,406819,4475009
40,Camisa Polo,586011,11134209
720,Zapatos de tacón,407336,4073360
467,Gorro de lana,532700,2130800
965,Reloj Caballero,210036,2310396
358,Anillo de diamantes,466384,6062992
18,Pijama de algodón,191760,3451680
167,Camiseta de tirantes,401314,1203942
192,Sudadera con capucha,432540,1730160
237,Blusa,575704,3454224
544,Bufanda de lana,225577,1804616
50,Shorts de playa,312033,936099
701,Zapatos de lona,166551,333102
383,Camiseta polo,538003,10222057
576,Calcetines de algodón,570241,9694097
12,Gorro de esquí,221476,1993284
149,Zapatos de tacón,328799,986397
649,Camiseta básica,493409,5920908
626,Zapatos de vestir,529531,7942965
772,Chaleco acolchado,578633,2893165
367,Chaqueta vaquera,304185,2737665
856,Pantalon,320965,5456405
712,Reloj Dama,210146,3362336
313,Bono Regalo,594693,5946930
890,Falda plisada,303055,4848880
734,Leggings deportivos,233796,3740736
651,Pañuelo de seda,242054,2178486
487,Pantalones cortos,492530,492530
182,Gorro de lana,199192,3784648
300,Mono corto,203462,3458854
586,Camisa Cuello V,501590,6520670
657,Zapatos de tacón,420946,5893244
790,Correa,291464,5537816
279,Calcetines de algodón,304117,2128819
342,Vestido,331272,5962896
525,Camisa Polo,353056,2118336
38,Camisa a rayas,486959,1460877
755,Pantalones cargo,321314,4498396
444,Correa,239068,1912544
643,Pantaloneta,460502,8749538
792,Chaqueta Cuero Caballero,252428,2271852
516,Traje de baño,153080,612320
934,Sombrero de verano,218295,2619540
303,Pines (accesorios),256171,3842565
926,Vestido de verano,583163,9913771
932,Blusa,533803,3736621
159,Reloj Dama,266413,4795434
528,Bufanda de lana,328169,5578873
630,Shorts de playa,281334,3657342
107,Jersey de lana,436447,0
817,Jersey de lana,495415,1486245
202,Gorros de baño,279833,3078163
322,Zapatos de tacón,256829,2825119
759,Chaleco acolchado,292219,0
133,Vestido de verano,478938,2394690
421,Pantalones vaqueros,499806,8496702
907,Vestido de verano,471529,5658348
926,Pañuelo de seda,153120,918720
121,Botas de montaña,427652,5559476
168,Zapatos deportivos,484467,1937868
306,Bufanda de lana,474655,4746550
84,Reloj de pulsera,328518,985554
837,Calcetines de algodón,557224,0
190,Gorra,496630,8939340
892,Gorro de lana,169764,3055752
659,Zapatos deportivos,466872,8870568
682,Corbata de seda,213843,427686
440,Zapatillas de casa,502389,5023890
844,Vestido elegante,197450,2764300
735,Reloj de pulsera,587195,3523170
187,Pines (accesorios),169632,2205216
83,Vestido de noche,392373,6277968
269,Chaqueta Cuero Caballero,237979,951916
880,Mono corto,592881,8300334
490,Shorts de playa,193105,3668995
699,Short,354040,708080
455,Gorros de baño,506069,2024276
284,Vestido elegante,229922,0
151,Camiseta polo,357743,5008402
542,Vestido elegante,595853,2979265
727,Pantaloneta,460152,3221064
416,Reloj Dama,560549,1681647
476,Zapatos de lona,563726,4509808
716,Gorro de lana,360864,5773824
322,Pijama de algodón,462497,1387491
21,Camisa Cuello V,357267,357267
523,Gafas de sol,396427,2378562
758,Chaqueta Cuero Dama,405601,1216803
688,Vestido,217831,2178310
584,Cinturón de cuero,444863,2224315
610,Bolso de mano,218814,218814
148,Pines (accesorios),274743,3571659
801,Abrigo largo,255323,4340491
535,Blusa,176449,176449
590,Camiseta polo,289300,4628800
613,Reloj Caballero,590657,4134599
642,Chaqueta Cuero Caballero,533777,9074209
951,Zapatos deportivos,381812,4199932
87,Zapatos,352284,352284
165,Sudadera ligera,349010,4886140
146,Bolso de mano,365352,6576336
22,Sombrero de verano,503259,4026072
715,Medias Largas,166493,2497395
311,Camiseta básica,504849,6563037
427,Leggings deportivos,521314,3649198
608,Short,582009,0
613,Botas de montaña,391687,3133496
396,Jersey de lana,483870,7258050
689,Cordones,508001,9144018
605,Reloj Dama,503982,5039820
459,Sudadera,484946,7274190
517,Cartera,316901,1584505
33,Botas de montaña,556434,556434
144,Short,395910,6334560
605,Chaqueta de invierno,260743,1564458
48,Zapatos,403069,6852173
417,Camisa Basica,552451,4972059
98,Mochila,226505,3624080
110,Pantalones vaqueros,204807,3481719
248,Zapatillas de casa,383915,383915
814,Zapatos deportivos,533742,9607356
357,Bikini,181095,1448760
789,Chaqueta de cuero,157337,157337
154,Pantalones cargo,212455,1699640
286,Vestido de verano,391528,5089864
831,Pantalones cargo,269204,2692040
138,Medias Tobilleras,249779,499558
547,Zapatos deportivos,491423,1965692
704,Chaqueta de invierno,161312,0
770,Mono corto,222247,2889211
322,Anillo de diamantes,320956,320956
449,Camisa Basica,250420,4257140
371,Blusa de seda,446773,4914503
906,Bufanda de lana,316142,1896852
552,Sombrero de verano,304962,3659544
954,Gafas de sol,337409,3036681
381,Zapatos,423187,6347805
71,Pañuelo de seda,194705,1947050
586,Zapatos deportivos,593475,1186950
559,Vestido de noche,238284,1667988
925,Reloj Caballero,228068,2964884
520,Chaqueta de invierno,489320,5871840
705,Medias Largas,305825,1834950
235,Pines (accesorios),505788,2528940
945,Pantalones cortos,523065,8369040
944,Cinturón de cuero,193268,579804
243,Sombrero de verano,484082,9197558
485,Buso,252161,2521610
273,Camiseta de tirantes,212220,2334420
47,Sombrero de verano,525054,3675378
116,Corbata de seda,539972,1619916
305,Gafas de sol,474197,948394
438,Sudadera ligera,160569,0
815,Camisa a rayas,299308,5686852
100,Pines (accesorios),379199,3791990
488,Cinturón de cuero,429580,5584540
216,Bufanda de lana,225437,676311
721,Falda plisada,359137,6464466
450,Termo,527409,4219272
344,Vestido de verano,570114,3420684
569,Reloj Dama,584092,4672736
101,Termo,218802,656406
420,Zapatos de lona,200998,200998
529,Correa,246220,738660
772,Zapatos de tacón,496421,6949894
374,Pantalones vaqueros,263204,526408
74,Corbata de seda,580504,4644032
811,Sudadera,394594,5129722
194,Pantalon,531577,2126308
695,Sombrero de verano,530788,3715516
438,Traje de baño,425592,0
144,Termo,468512,4216608
305,Shorts de playa,328792,3945504
878,Calcetines de algodón,180962,2895392
43,Medias Largas,533027,5330270
788,Bono Regalo,454273,7268368
20,Sudadera ligera,249399,2992788
51,Buso,287102,861306
958,Leggings deportivos,443111,2658666
345,Pijama de algodón,229311,2522421
262,Jersey de lana,433989,7377813
307,Chaqueta vaquera,347103,694206
632,Pañuelo de seda,173281,693124
464,Pantalones cargo,328511,1642555
520,Zapatos de lona,321733,1286932
596,Chaqueta de invierno,287801,4892617
875,Chaqueta de cuero,498552,5982624
514,Camisa Cuello V,582869,0
940,Pantalones vaqueros,169598,2713568
853,Leggings deportivos,575418,7480434
270,Zapatos de vestir,527941,10030879
0,Pantaloneta,216678,3033492
141,Blusa de seda,156906,313812
767,Pantalones vaqueros,534858,9092586
88,Zapatos de vestir,242477,969908
840,Blusa,498531,3489717
71,Bolso de mano,397209,1191627
948,Chaleco acolchado,445418,0
153,Camisa a rayas,435609,7840962
1000,Chaqueta de invierno,413254,413254
169,Blusa de seda,215928,2375208
950,Vestido de verano,417933,835866
799,Zapatos,585932,8203048
701,Vestido de noche,521988,5741868
496,Pantaloneta,530079,10071501
483,Bolso de mano,424708,1698832
265,Mono corto,464881,5113691
812,Pantaloneta,482333,4823330
253,Leggings deportivos,447956,4031604
824,Pantalones cargo,299435,1497175
902,Blusa estampada,298391,5669429
279,Zapatillas de casa,494325,5931900
869,Camisa a rayas,592695,8890425
80,Chaqueta Cuero Caballero,550764,1101528
437,Pantalones cargo,563995,0
290,Traje de baño,422374,5490862
722,Corbata de seda,211573,1269438
352,Blusa de seda,242787,3399018
871,Zapatillas de casa,482373,1447119
828,Falda plisada,344839,4827746
180,Correa,222042,3552672
31,Corbata de seda,318496,3184960
736,Zapatos,565712,8485680
192,Camisa Polo,524755,5772305
35,Traje de baño,575477,6330247
218,Leggings deportivos,423679,5507827
151,Leggings deportivos,338462,338462
907,Zapatos,151791,2884029
384,Zapatos de tacón,433536,1734144
818,Sombrero de verano,562415,2249660
459,Gorro de lana,301508,5427144
874,Chaqueta de cuero,394880,4343680
12,Blusa de seda,588358,5883580
62,Anillo de diamantes,315508,5994652
742,Zapatos de tacón,234454,3751264
614,Sudadera,454634,3637072
708,Jersey de lana,450326,1801304
605,Pantalon,591331,2956655
577,Chaleco acolchado,247225,4450050
597,Vestido,408877,7768663
342,Zapatos,521816,6783608
737,Pañuelo de seda,431676,5611788
212,Pantalon,505217,0
831,Chaqueta Cuero Dama,387478,0
760,Termo,348907,3489070
834,Termo,280214,3362568
525,Vestido elegante,585029,7605377
394,Leggings deportivos,207437,3111555
271,Zapatillas de casa,548123,548123
144,Blusa,469075,6567050
806,Medias Tobilleras,328858,6248302
595,Camiseta polo,240609,3368526
50,Blusa de seda,532379,7985685
893,Gafas de sol,341686,1025058
345,Zapatos de lona,434244,6079416
991,Reloj de pulsera,559160,10624040
830,Jersey de lana,259077,3368001
552,Chaqueta vaquera,261035,1827245
580,Sudadera ligera,545363,1636089
83,Bono Regalo,519196,9864724
752,Blusa de seda,447604,8056872
590,Traje de baño,533112,2132448
825,Bono Regalo,465785,6986775
89,Zapatos de vestir,151380,454140
319,Cordones,507767,7108738
150,Bikini,172354,1723540
873,Camiseta de tirantes,190925,1527400
504,Pantaloneta,222620,2671440
651,Camisa Cuello V,474520,4745200
795,Zapatos de vestir,218786,3500576
754,Reloj Dama,322591,1935546
845,Zapatillas de casa,282567,4521072
955,Camisa Cuello V,406709,2033545
394,Zapatos de lona,197235,2366820
741,Mochila,286182,286182
525,Vestido de verano,590032,8850480
887,Camisa Cuello V,567748,3406488
543,Sombrero de verano,398251,7168518
481,Blusa de seda,195448,977240
561,Gorros de baño,255534,2810874
264,Chaqueta Cuero Caballero,451857,2711142
796,Reloj Caballero,205457,3903683
207,Gorra,462145,8780755
428,Vestido,394751,7500269
856,Pantalon,238850,1910800
187,Chaqueta Cuero Dama,420665,7571970
90,Chaqueta Cuero Dama,515394,2061576
695,Vestido,174703,3144654
303,Sudadera ligera,553439,1106878
965,Chaqueta de cuero,588766,7065192
287,Zapatos,531823,6913699
421,Zapatos,235385,3530775
359,Pijama de algodón,464948,2324740
565,Abrigo largo,488500,977000
177,Gorro de esquí,179855,0
947,Cinturón de cuero,406614,6912438
532,Blusa,487514,9262766
233,Pantalon,491698,4916980
114,Bono Regalo,560781,5607810
78,Pantalones cortos,483816,1935264
117,Chaqueta de invierno,462589,3700712
758,Pañuelo de seda,299631,3595572
316,Leggings deportivos,546889,0
6,Bolso de mano,239336,4068712
611,Sudadera con capucha,284952,3419424
313,Cinturón de cuero,373032,4849416
220,Camiseta polo,441987,1767948
137,Gorro de lana,399058,3192464
871,Cartera,181737,3453003
732,Camisa Cuello V,268152,804456
186,Pantalones de yoga,316011,2212077
425,Chaqueta Cuero Dama,219666,1317996
900,Pines (accesorios),329136,1974816
714,Abrigo largo,217995,2615940
332,Blusa de seda,328815,2959335
644,Gorra,337565,1687825
66,Pantalones vaqueros,413569,3722121
389,Gorra,288284,3747692
228,Vestido de verano,382477,3059816
850,Pijama de algodón,553364,6640368
219,Zapatos de lona,374493,5617395
20,Camiseta de tirantes,157920,2842560
70,Buso,546688,7653632
117,Pantalones de yoga,310147,1550735
938,Camiseta polo,420432,3363456
622,Medias Largas,367818,6988542
822,Blusa estampada,202340,0
194,Pantalon,543662,4892958
934,Termo,407775,4077750
632,Chaqueta de invierno,449333,6739995
531,Blusa estampada,581187,6393057
682,Chaqueta Cuero Caballero,451976,1807904
742,Camisa Cuello V,263274,3159288
262,Gorro de esquí,218065,436130
551,Bono Regalo,230524,2305240
884,Gorros de baño,301385,2109695
792,Vestido,293303,0
54,Pines (accesorios),447386,7158176
234,Vestido de noche,424388,4668268
329,Jersey de lana,458940,3671520
325,Blusa,301681,603362
872,Pantaloneta,220639,1765112
362,Gorra,383259,1916295
378,Reloj Dama,304293,5781567
470,Vestido de noche,471761,2830566
464,Chaqueta Cuero Caballero,257623,3349099
836,Corbata de seda,345726,691452
38,Gorros de baño,191668,1916680
757,Blusa,483216,1932864
111,Bolso de mano,537439,9673902
422,Zapatos,598319,9573104
910,Chaleco acolchado,584668,11108692
883,Vestido de verano,573614,4588912
278,Camiseta de tirantes,178575,2142900
529,Zapatos de tacón,400892,6414272
728,Gorro de esquí,321619,4824285
589,Zapatos de tacón,221644,664932
182,Gorro de lana,485278,9220282
964,Blusa de seda,438002,876004
856,Bufanda de lana,537630,1075260
196,Vestido elegante,463217,6485038
216,Gorro de lana,226941,4084938
224,Termo,426153,3835377
533,Mochila,275102,2200816
303,Sudadera,421107,5895498
922,Sombrero de verano,504725,1514175
681,Camisa Cuello V,307961,615922
684,Vestido de verano,338774,2371418
914,Cartera,467168,5138848
264,Zapatillas de casa,264325,4493525
327,Sudadera ligera,314994,3779928
595,Termo,567829,1135658
304,Vestido de noche,289700,2027900
763,Chaqueta vaquera,524162,524162
951,Sombrero de verano,380509,5327126
443,Abrigo largo,574181,4019267
339,Gafas de sol,510459,9188262
701,Sudadera con capucha,266886,1067544
581,Pines (accesorios),315053,5040848
950,Sudadera,333332,4999980
685,Blusa estampada,558278,2791390
483,Chaqueta Cuero Caballero,384612,769224
409,Leggings deportivos,190759,2289108
266,Bufanda de lana,530512,6896656
345,Sudadera ligera,510124,8672108
852,Medias Tobilleras,500789,7011046
70,Jersey de lana,177750,2133000
636,Reloj Caballero,177870,1422960
989,Pantalones vaqueros,411475,5760650
855,Pañuelo de seda,229238,1833904
699,Zapatos de lona,341255,2388785
663,Pantaloneta,445616,6238624
149,Vestido,392203,4314233
136,Gafas de sol,351462,1054386
101,Falda plisada,168114,336228
63,Pantaloneta,481508,4815080
794,Pantalones de yoga,572613,1145226
204,Medias Largas,380931,5333034
522,Blusa de seda,248844,1990752
350,Sudadera con capucha,586422,2932110
975,Zapatos de tacón,417332,834664
595,Camiseta polo,348605,1045815
55,Abrigo largo,542856,8685696
849,Shorts de playa,567309,3971163
621,Traje de baño,261383,4704894
770,Zapatillas de casa,370970,6306490
124,Chaqueta de invierno,320688,2886192
179,Medias Largas,486874,486874
994,Vestido de verano,312321,4060173
409,Correa,307124,1228496
762,Gorro de lana,230226,3913842
912,Blusa,527024,1581072
104,Zapatos de lona,188086,2633204
877,Pantalones cargo,342667,2741336
956,Sombrero de verano,476034,9044646
319,Camisa Cuello V,499132,1497396
511,Cartera,381937,6110992
593,Camisa Polo,420300,7985700
583,Blusa de seda,479809,7676944
365,Pañuelo de seda,198141,2377692
214,Anillo de diamantes,451582,8128476
140,Sudadera,549721,549721
796,Zapatillas de casa,455254,910508
79,Jersey de lana,429140,3433120
316,Reloj de pulsera,332405,5983290
546,Cinturón de cuero,283376,4817392
768,Jersey de lana,333566,6004188
189,Camiseta de tirantes,203613,2036130
291,Traje de baño,354894,2129364
69,Sudadera con capucha,226860,3176040
131,Gorra,312797,1563985
141,Blusa estampada,207994,0
482,Camisa Polo,165587,1324696
106,Anillo de diamantes,437043,4370430
924,Medias Tobilleras,533746,9607428
477,Termo,281184,1687104
540,Reloj Caballero,268764,537528
861,Chaleco acolchado,408657,6129855
973,Bolso de mano,534341,4809069
590,Pantalones vaqueros,342968,6173424
807,Blusa de seda,445089,0
127,Reloj Caballero,442202,3979818
951,Blusa estampada,342637,342637
231,Bolso de mano,517383,6725979
300,Vestido,345158,2761264
890,Medias Largas,548545,6582540
16,Zapatillas de casa,325752,5212032
930,Termo,416530,3332240
904,Chaqueta de cuero,213197,1279182
972,Camisa Cuello V,535724,8571584
446,Zapatos de tacón,186112,2047232
64,Pijama de algodón,217798,1960182
24,Abrigo largo,333810,1335240
539,Chaqueta Cuero Caballero,532157,532157
993,Shorts de playa,152613,2899647
148,Shorts de playa,573226,8598390
509,Zapatos,301917,3019170
513,Zapatos,210515,1052575
629,Corbata de seda,451564,1806256
869,Abrigo largo,439804,6597060
73,Camiseta de tirantes,520504,4684536
809,Chaqueta Cuero Caballero,270293,2702930
904,Reloj Caballero,251952,2771472
897,Corbata de seda,314016,5966304
178,Mono corto,411157,0
782,Anillo de diamantes,222760,2450360
747,Vestido,578805,3472830
200,Traje de baño,396988,793976
668,Pañuelo de seda,438584,7894512
573,Blusa,585655,2342620
990,Anillo de diamantes,388845,1944225
351,Buso,292054,584108
980,Cinturón de cuero,230409,460818
635,Sudadera,326419,1632095
461,Bikini,439503,7032048
115,Botas de montaña,596837,3581022
624,Chaqueta Cuero Dama,340960,3068640
258,Gorro de esquí,530596,2652980
471,Cartera,252478,252478
643,Vestido de verano,575050,1725150
839,Pijama de algodón,186006,744024
879,Blusa,243982,3415748
834,Sudadera ligera,405764,811528
645,Sudadera con capucha,358535,3585350
395,Buso,400982,2806874
155,Pantalones vaqueros,523988,0
244,Termo,306027,5508486
24,Gorra,384880,4233680
405,Pantalones de yoga,158407,158407
111,Zapatos,388982,6223712
958,Camisa Polo,527411,3164466
751,Pañuelo de seda,505020,2020080
709,Pantalones de yoga,304850,5182450
509,Chaleco acolchado,332419,5318704
763,Abrigo largo,487010,4870100
838,Blusa,427114,4271140
817,Pantaloneta,458746,7339936
73,Zapatos,333712,5673104
888,Vestido elegante,568956,6827472
261,Sudadera,436823,0
270,Sudadera ligera,564264,1128528
264,Corbata de seda,597994,7175928
258,Chaqueta de cuero,225080,3376200
191,Pañuelo de seda,230044,1150220
402,Gorra,444697,4891667
983,Jersey de lana,250574,2756314
844,Mochila,281947,5075046
136,Chaleco acolchado,246489,3450846
533,Chaleco acolchado,562195,9557315
377,Camisa a rayas,583976,5839760
806,Vestido,501635,9531065
894,Jersey de lana,564581,3387486
969,Jersey de lana,388253,3882530
852,Medias Largas,471540,1414620
691,Botas de montaña,350799,1403196
436,Chaqueta de invierno,319738,5755284
491,Chaqueta de invierno,196918,1575344
719,Camisa Basica,524749,6296988
817,Reloj Caballero,521326,8862542
162,Zapatos de lona,360675,2885400
183,Sudadera ligera,209247,3766446
879,Reloj de pulsera,494666,989332
173,Chaqueta de cuero,240427,1442562
255,Gorros de baño,590807,9452912
513,Corbata de seda,520944,520944
937,Calcetines de algodón,179523,1615707
24,Blusa,553283,9405811
57,Sudadera,169952,1869472
56,Gorro de esquí,456851,8223318
83,Zapatillas de casa,329965,989895
542,Anillo de diamantes,334580,669160
287,Calcetines de algodón,454613,4546130
139,Camisa Cuello V,172796,2073552
826,Reloj Caballero,516446,8263136
786,Mochila,444303,7553151
729,Corbata de seda,514661,2058644
445,Reloj Caballero,489836,979672
89,Bikini,178661,1429288
310,Blusa de seda,508130,1524390
310,Vestido de verano,272700,1363500
57,Camiseta de tirantes,371965,2975720
720,Vestido de verano,436808,5241696
352,Camisa Polo,238136,1428816
831,Zapatillas de casa,561889,3371334
999,Reloj Dama,533942,8009130
267,Vestido,187337,2248044
305,Shorts de playa,201281,3220496
322,Abrigo largo,551657,5516570
608,Medias Largas,393725,7480775
275,Camiseta básica,218521,218521
466,Traje de baño,260837,4173392
947,Pantalones cargo,218872,3720824
884,Zapatos,490661,1471983
396,Zapatos de tacón,358688,3586880
319,Calcetines de algodón,456506,7304096
458,Camisa a rayas,152416,914496
314,Calcetines de algodón,217930,3051020
341,Camisa Basica,166488,1831368
855,Short,536515,5365150
376,Correa,459789,4597890
821,Sudadera con capucha,542820,3256920
798,Pines (accesorios),194933,3118928
424,Camiseta de tirantes,211441,211441
472,Pijama de algodón,529769,3178614
535,Camisa Cuello V,269933,3239196
588,Vestido de noche,499301,0
150,Botas de montaña,171980,515940
510,Vestido elegante,438388,0
667,Chaqueta vaquera,506050,506050
524,Traje de baño,508275,2541375
363,Termo,237983,2855796
455,Buso,282524,2825240
94,Pantalones cargo,430233,7313961
214,Blusa,406273,6500368
325,Corbata de seda,184611,738444
30,Pantaloneta,335756,4029072
252,Bikini,407352,2851464
615,Camiseta básica,512265,9733035
463,Botas de montaña,482103,3856824
734,Gafas de sol,262414,1574484
151,Sudadera,521639,2086556
712,Corbata de seda,314101,3455111
510,Bono Regalo,154229,2159206
208,Bolso de mano,151586,151586
37,Falda plisada,342409,342409
160,Pantalones vaqueros,372699,1490796
38,Buso,398612,5580568
381,Reloj Caballero,487913,4391217
677,Leggings deportivos,477291,5727492
253,Gafas de sol,318641,2230487
203,Chaqueta Cuero Caballero,211377,3170655
735,Mono corto,547563,8761008
802,Camiseta básica,193718,2518334
988,Botas de montaña,449350,0
596,Pañuelo de seda,315429,5362293
814,Blusa de seda,584357,5843570
265,Reloj Dama,429030,3003210
460,Zapatos de lona,533306,4799754
134,Chaqueta Cuero Caballero,477454,8594172
913,Termo,383614,3068912
365,Bikini,500952,9518088
503,Cordones,526254,5788794
36,Camisa Cuello V,593585,10090945
5,Camiseta básica,447954,447954
531,Bikini,300814,2707326
345,Gafas de sol,412106,3708954
435,Zapatillas de casa,170043,1700430
660,Mono corto,317353,4760295
182,Vestido,444180,1332540
89,Sudadera ligera,487171,5358881
854,Zapatos de vestir,570714,3424284
694,Reloj Dama,368083,6993577
341,Sudadera,312021,5928399
438,Pines (accesorios),349208,1047624
474,Sombrero de verano,504527,1513581
716,Termo,590486,1180972
379,Chaqueta Cuero Dama,456026,7752442
903,Blusa estampada,297437,5056429
787,Sudadera ligera,171769,171769
110,Pantalones cargo,515772,8252352
197,Camisa Cuello V,184776,739104
521,Termo,448143,6722145
382,Chaleco acolchado,513619,2054476
58,Camiseta básica,477612,7164180
711,Blusa de seda,181274,0
21,Camisa a rayas,328820,6247580
744,Chaqueta de cuero,232372,464744
200,Anillo de diamantes,249599,499198
473,Gorro de esquí,240073,1680511
102,Zapatos de tacón,272622,2726220
157,Blusa de seda,228441,4111938
370,Pantalones cargo,376989,3769890
495,Zapatillas de casa,441717,5742321
28,Chaqueta Cuero Caballero,566066,8490990
452,Pantalones vaqueros,280263,280263
504,Blusa,340900,4431700
206,Camiseta de tirantes,467604,2338020
780,Vestido elegante,540330,9725940
78,Bikini,329688,4945320
11,Sombrero de verano,163094,326188
984,Gafas de sol,330561,661122
784,Pantalon,183943,367886
272,Chaqueta de cuero,207882,2702466
927,Pañuelo de seda,166424,166424
322,Gafas de sol,384388,1153164
73,Abrigo largo,516885,2067540
351,Bono Regalo,293890,293890
206,Bono Regalo,380009,3800090
862,Pines (accesorios),319514,2556112
653,Medias Largas,222491,1779928
519,Traje de baño,165748,497244
684,Cinturón de cuero,554700,3328200
528,Leggings deportivos,279811,1678866
356,Short,287486,287486
794,Pantalones cargo,258017,1032068
452,Jersey de lana,460841,921682
29,Vestido de noche,551216,551216
297,Reloj de pulsera,213648,1495536
946,Mono corto,504544,5045440
344,Sombrero de verano,236605,1419630
286,Camisa Basica,429193,3862737
880,Mochila,199020,3184320
420,Medias Tobilleras,508591,6103092
17,Vestido de verano,510545,7658175
258,Chaqueta Cuero Caballero,164001,656004
504,Termo,555318,9995724
745,Mono corto,444614,8003052
470,Bono Regalo,254554,2545540
964,Camiseta polo,198931,2983965
58,Bono Regalo,535974,2679870
145,Camisa Cuello V,402086,7639634
520,Vestido de verano,586518,5278662
8,Correa,330013,4290169
54,Reloj Caballero,462851,7868467
766,Anillo de diamantes,598698,1796094
466,Botas de montaña,261034,1044136
852,Botas de montaña,264368,3701152
87,Medias Largas,334193,4010316
632,Zapatos de vestir,545385,7090005
478,Pines (accesorios),203833,1019165
18,Anillo de diamantes,483394,7734304
706,Sombrero de verano,443306,1329918
655,Corbata de seda,485476,2427380
170,Chaleco acolchado,263298,789894
906,Vestido de verano,256752,4878288
952,Cartera,395587,5933805
966,Anillo de diamantes,314616,4719240
691,Falda plisada,284643,2846430
635,Chaqueta vaquera,459758,3678064
811,Blusa,542987,4343896
46,Sudadera,268568,4565656
721,Chaqueta de invierno,152906,2752308
374,Pantalones cargo,207266,3316256
467,Zapatos,451757,3614056
390,Zapatos deportivos,576738,9227808
738,Blusa de seda,569170,9106720
234,Vestido de verano,328855,2959695
717,Traje de baño,174252,174252
655,Camiseta polo,443150,3545200
918,Reloj Caballero,173766,1042596
429,Chaqueta de cuero,173354,520062
191,Short,482866,2414330
521,Mono corto,346484,3118356
557,Pantalones vaqueros,296415,889245
352,Zapatos de tacón,281155,3936170
404,Camisa a rayas,283942,5394898
329,Medias Largas,585588,9369408
309,Corbata de seda,166063,1328504
337,Bufanda de lana,198208,1585664
288,Abrigo largo,414258,4556838
352,Pijama de algodón,518206,0
461,Vestido elegante,382543,4590516
391,Camiseta básica,585327,6438597
788,Pantalon,493024,7888384
247,Sombrero de verano,196798,2951970
924,Camiseta polo,350136,3851496
629,Chaqueta Cuero Caballero,499312,1997248
912,Gorros de baño,483455,966910
211,Camisa Cuello V,176307,2644605
537,Pantalones cortos,487840,9268960
32,Chaqueta de invierno,560711,8971376
630,Short,330000,1320000
793,Gafas de sol,423005,423005
953,Cinturón de cuero,573969,4591752
777,Gafas de sol,307773,1846638
838,Chaqueta de invierno,575057,10351026
71,Camisa Basica,532067,2660335
700,Mono corto,357171,2857368
629,Gorro de lana,247650,2228850
822,Sudadera ligera,495914,5455054
289,Jersey de lana,284959,1994713
376,Bono Regalo,484947,6304311
375,Short,328908,6249252
844,Gorro de esquí,549408,5494080
537,Blusa,505045,2020180
651,Leggings deportivos,306142,3367562
896,Vestido de noche,451940,1355820
2,Chaqueta Cuero Dama,523423,6804499
44,Reloj Caballero,388261,4659132
204,Zapatillas de casa,321011,642022
515,Cinturón de cuero,568783,2275132
344,Camisa Cuello V,282732,2544588
818,Bono Regalo,494623,5935476
172,Blusa de seda,169164,2537460
21,Medias Largas,514472,7717080
185,Reloj Dama,395577,5933655
536,Vestido de noche,287540,2875400
600,Short,166310,665240
470,Falda plisada,385740,3857400
656,Gorro de esquí,385065,385065
523,Pantalones de yoga,288879,866637
443,Correa,491307,8843526
106,Chaqueta vaquera,248758,4726402
332,Chaqueta Cuero Caballero,348312,2786496
430,Chaqueta de cuero,432833,3029831
16,Camisa Basica,447108,894216
44,Chaqueta Cuero Caballero,256024,3328312
845,Chaqueta Cuero Dama,433102,3464816
768,Camisa Cuello V,488155,1464465
733,Cinturón de cuero,322038,1610190
706,Chaleco acolchado,539844,8637504
425,Blusa estampada,532364,8517824
675,Mono corto,287984,3455808
816,Bikini,190384,2474992
677,Pijama de algodón,489278,7339170
858,Gafas de sol,510337,5103370
620,Camisa Polo,440095,6161330
355,Reloj Dama,289875,2029125
83,Vestido,414352,2071760
393,Reloj Dama,370736,5561040
636,Pijama de algodón,414165,6626640
131,Sombrero de verano,366502,6230534
376,Vestido de verano,309057,5563026
37,Mochila,497656,4976560
621,Correa,570736,5136624
809,Correa,176689,2827024
171,Camiseta básica,309870,4338180
211,Blusa de seda,499073,4491657
707,Jersey de lana,217204,3258060
276,Camisa Polo,374588,4495056
114,Bufanda de lana,295233,1180932
945,Pantalones de yoga,162924,2606784
401,Vestido,307594,3691128
538,Calcetines de algodón,580394,6384334
693,Zapatos de tacón,517119,5171190
662,Medias Tobilleras,227430,1364580
320,Vestido elegante,241721,3867536
653,Cinturón de cuero,195548,3715412
397,Gorra,178932,1431456
833,Traje de baño,188441,1130646
966,Falda plisada,503815,8061040
553,Bono Regalo,492002,2460010
336,Gorro de esquí,284551,3414612
44,Zapatos de lona,540828,3244968
65,Pantalones vaqueros,406814,4474954
964,Pantalon,597855,1793565
884,Pantalon,467673,8418114
314,Gorro de esquí,160883,1930596
176,Chaleco acolchado,252695,3790425
566,Sudadera con capucha,180550,3249900
50,Pines (accesorios),599746,10795428
855,Corbata de seda,433611,6504165
876,Jersey de lana,302971,2726739
752,Sudadera con capucha,283344,283344
710,Chaqueta de cuero,506032,0
38,Zapatos,354319,1417276
355,Pantalones cargo,196317,981585
241,Correa,479251,6230263
762,Gorro de esquí,596726,10741068
530,Short,316479,1582395
753,Pantalones vaqueros,247187,2719057
422,Corbata de seda,216135,432270
976,Blusa estampada,544651,7080463
486,Vestido de noche,323549,4853235
110,Chaqueta de invierno,440639,3525112
346,Medias Tobilleras,583421,0
176,Pijama de algodón,214733,1288398
562,Sudadera,478645,957290
363,Zapatos deportivos,495967,6447571
709,Camisa Cuello V,198861,2187471
862,Reloj de pulsera,382596,3060768
163,Camisa a rayas,540443,10268417
549,Short,592019,10656342
555,Sudadera ligera,388798,1943990
101,Leggings deportivos,361493,5422395
209,Bono Regalo,157909,0
54,Pañuelo de seda,495662,5947944
151,Camiseta de tirantes,151557,909342
997,Pines (accesorios),243038,2430380
449,Zapatillas de casa,424802,7646436
460,Camiseta polo,549329,8789264
935,Reloj de pulsera,223596,894384
192,Medias Largas,569514,9681738
527,Reloj Caballero,401617,4819404
389,Pantalon,245153,735459
556,Mochila,381751,6489767
194,Buso,162304,1136128
86,Gorro de esquí,362459,1449836
952,Chaqueta de cuero,233247,4198446
519,Zapatillas de casa,157589,787945
169,Bono Regalo,337113,3708243
249,Camiseta de tirantes,209055,3344880
570,Anillo de diamantes,214482,3646194
783,Pantalones cargo,599468,5395212
899,Vestido elegante,447228,5813964
911,Abrigo largo,179700,1617300
639,Chándal,323728,1942368
42,Jersey de lana,483660,7738560
799,Pantalones cortos,185692,0
971,Cordones,423024,7191408
507,Bono Regalo,219269,2192690
516,Chaqueta de invierno,518432,9331776
333,Camiseta básica,578690,6365590
209,Camiseta polo,522529,9928051
998,Blusa de seda,543000,543000
116,Gafas de sol,322347,3223470
101,Sudadera,514483,9775177
626,Camiseta básica,511420,8694140
944,Blusa estampada,390090,5461260
882,Mochila,251082,753246
498,Vestido de verano,398943,1595772
912,Blusa de seda,222436,3336540
313,Sudadera con capucha,237463,3324482
707,Zapatos,439159,5269908
651,Zapatos de vestir,189379,1325653
823,Camisa Polo,544182,7074366
892,Reloj Dama,562272,562272
884,Vestido de verano,176805,176805
425,Gorro de esquí,193223,1159338
318,Zapatos de lona,501550,6520150
957,Pañuelo de seda,425856,4258560
642,Pantalon,281151,3936114
290,Sudadera,543912,0
479,Sudadera ligera,309541,1857246
37,Pantaloneta,364416,728832
672,Cartera,480671,4326039
501,Vestido elegante,214623,1287738
825,Botas de montaña,293800,0
534,Sudadera,183850,2757750
847,Zapatos de tacón,203129,2437548
928,Termo,375917,7142423
875,Pantaloneta,456997,6397958
615,Correa,265177,3712478
833,Pañuelo de seda,190481,2666734
247,Chaqueta de cuero,376132,752264
887,Pantalones cortos,500511,9509709
186,Zapatos de vestir,173506,347012
43,Buso,410582,3284656
842,Pañuelo de seda,183841,2389933
123,Reloj Caballero,177584,2486176
169,Zapatos de lona,409924,7378632
194,Sudadera,368254,3682540
628,Zapatos,424452,0
125,Pantalones de yoga,538634,3770438
801,Blusa,495696,4461264
906,Blusa estampada,321744,965232
332,Pantalones de yoga,553786,8306790
908,Short,150421,2557157
368,Gorro de lana,175049,1575441
862,Cordones,297941,2383528
306,Zapatos de vestir,198915,2983725
866,Medias Tobilleras,599490,2397960
931,Reloj Caballero,183750,735000
228,Sudadera ligera,261513,1569078
138,Chaqueta de invierno,597107,597107
885,Chaqueta de cuero,519305,7789575
989,Zapatos,355693,3912623
531,Gorra,271714,4890852
339,Chaqueta Cuero Caballero,386386,2318316
741,Zapatillas de casa,243550,243550
723,Camisa Cuello V,528006,3696042
76,Pañuelo de seda,458897,6424558
773,Zapatos de vestir,269972,5129468
594,Pantalones vaqueros,522067,1044134
724,Gorros de baño,153521,614084
1000,Chaqueta de cuero,358370,5017180
358,Zapatos de lona,278910,4741470
873,Chaqueta de cuero,221721,221721
379,Pantalones de yoga,289095,2312760
750,Bikini,274193,1370965
981,Vestido,298195,4771120
280,Zapatos deportivos,260295,780885
637,Pijama de algodón,389250,4671000
234,Blusa estampada,277808,3055888
326,Termo,175733,2811728
167,Sombrero de verano,361200,1444800
91,Zapatos de vestir,281038,4496608
85,Leggings deportivos,440864,2204320
276,Zapatos,510951,9197118
122,Vestido de verano,327529,5895522
439,Medias Tobilleras,540480,3783360
616,Bikini,493226,2466130
899,Zapatos de lona,174351,1569159
807,Zapatos de vestir,434423,0
351,Chaleco acolchado,470215,4702150
487,Pines (accesorios),189790,2467270
98,Mono corto,337243,0
111,Vestido de noche,214290,214290
456,Chaqueta Cuero Dama,484731,3877848
618,Camisa Cuello V,342725,0
473,Blusa estampada,388262,6988716
418,Zapatos de tacón,417247,417247
731,Chaqueta vaquera,456948,5483376
749,Pantalones vaqueros,576936,0
317,Anillo de diamantes,275532,3857448
305,Chaqueta Cuero Dama,526883,3688181
413,Pines (accesorios),458602,0
620,Falda plisada,562055,3934385
614,Buso,479674,0
590,Camisa Basica,252790,505580
166,Pantalones cargo,278382,835146
792,Bufanda de lana,429456,429456
192,Sombrero de verano,525255,0
232,Abrigo largo,411261,3290088
701,Gorro de esquí,187791,3380238
629,Blusa estampada,226620,226620
329,Camiseta básica,194973,779892
705,Zapatos deportivos,180678,1264746
394,Zapatos,247922,3718830
443,Zapatos deportivos,579754,1159508
503,Zapatos de tacón,405263,4457893
943,Gorro de lana,290498,580996
691,Falda plisada,221700,3547200
163,Pantalones cargo,466022,466022
322,Camiseta de tirantes,195048,390096
637,Chaqueta Cuero Dama,424662,5095944
778,Chaqueta vaquera,489802,1959208
399,Traje de baño,365577,6945963
998,Zapatos de vestir,516686,6200232
421,Botas de montaña,237813,3567195
598,Shorts de playa,460426,460426
505,Gafas de sol,312614,1875684
252,Chaqueta Cuero Caballero,267186,1870302
994,Camiseta básica,247007,2470070
296,Bolso de mano,190421,1332947
489,Camisa a rayas,248839,2239551
25,Camiseta de tirantes,362946,6533028
655,Medias Largas,324181,2593448
868,Camisa Polo,265483,5044177
677,Vestido elegante,348068,1740340
954,Gorra,167305,0
870,Blusa,254896,1784272
424,Pines (accesorios),466506,1399518
60,Vestido elegante,471974,5191714
719,Mochila,533225,3199350
746,Pantalones vaqueros,232411,3486165
215,Camiseta polo,257060,1799420
652,Camiseta de tirantes,308770,1852620
582,Camiseta polo,228196,4335724
902,Vestido,584870,11112530
43,Gorro de lana,355625,6045625
99,Chándal,507918,7618770
329,Camiseta polo,169964,509892
581,Traje de baño,344657,0
175,Pantaloneta,381824,0
607,Gorro de lana,347576,4866064
997,Abrigo largo,250427,1252135
144,Camisa Polo,359617,6832723
171,Zapatos,370729,5190206
906,Vestido de noche,323619,4854285
351,Camisa Cuello V,462131,4621310
208,Cinturón de cuero,273914,2465226
534,Camisa a rayas,365788,365788
814,Bufanda de lana,155824,2493184
20,Vestido de noche,350458,4906412
390,Chándal,432554,865108
951,Termo,377357,3396213
920,Chaqueta Cuero Caballero,557004,2785020
288,Reloj Caballero,538808,3771656
750,Chaqueta Cuero Dama,266940,1868580
813,Blusa,210055,3991045
746,Cinturón de cuero,256708,770124
33,Camisa Cuello V,200056,1000280
812,Camisa Basica,464223,4642230
36,Short,303170,4547550
886,Zapatos de lona,247457,3216941
166,Chaleco acolchado,326629,5552693
109,Zapatillas de casa,214959,859836
377,Short,203346,3253536
109,Chaqueta Cuero Caballero,384098,3456882
412,Vestido de noche,323429,970287
533,Mono corto,219738,2856594
803,Short,362179,2535253
720,Corbata de seda,576768,6344448
699,Camisa Polo,430147,1290441
777,Camisa a rayas,583996,9343936
564,Leggings deportivos,529610,529610
334,Blusa de seda,233115,3263610
843,Pañuelo de seda,365417,2192502
41,Vestido de verano,342271,5134065
492,Chándal,397200,3177600
762,Vestido elegante,204637,0
973,Zapatillas de casa,186978,0
83,Vestido,313537,5643666
375,Zapatos de lona,291606,5248908
812,Sudadera con capucha,337224,2697792
815,Chaqueta de invierno,524530,9966070
899,Pijama de algodón,380801,4950413
591,Chaqueta vaquera,415019,4565209
802,Botas de montaña,504435,7062090
429,Chaleco acolchado,253326,1013304
240,Zapatos de tacón,232864,698592
653,Blusa estampada,367384,3673840
784,Camiseta polo,246770,1974160
827,Bufanda de lana,232263,3251682
716,Sudadera ligera,555032,9435544
624,Bono Regalo,311832,1870992
24,Zapatos de vestir,544295,0
260,Correa,304473,4262622
208,Correa,500297,5503267
786,Camisa Basica,488380,1465140
426,Chaqueta de cuero,514271,0
786,Camisa Basica,595503,11314557
965,Cartera,171389,685556
800,Cartera,152276,1065932
553,Falda plisada,325759,3909108
8,Camiseta de tirantes,316592,4748880
703,Buso,523584,6283008
775,Vestido de noche,298991,2690919
281,Cartera,591663,2958315
718,Pantaloneta,421539,7166163
375,Pantalones de yoga,590731,7679503
612,Sudadera con capucha,596536,1193072
613,Termo,297866,1489330
286,Termo,501342,8021472
253,Chaqueta de invierno,259356,3371628
527,Medias Largas,208514,834056
649,Camiseta de tirantes,440821,5730673
583,Chaqueta Cuero Dama,487819,0
806,Camisa a rayas,589208,1767624
518,Camisa Polo,414800,4148000
600,Vestido,584352,10518336
310,Chándal,318853,4145089
568,Camiseta de tirantes,160033,2880594
370,Calcetines de algodón,369956,4069516
786,Pañuelo de seda,287418,862254
498,Buso,412257,2885799
493,Chaqueta de cuero,443274,3989466
849,Camisa Cuello V,420520,2523120
537,Falda plisada,482722,4344498
125,Sudadera con capucha,458751,4128759
510,Correa,357538,3575380
360,Gorro de esquí,512010,7680150
816,Zapatos de lona,576173,2304692
527,Gafas de sol,193194,1931940
586,Abrigo largo,217770,1959930
514,Jersey de lana,190893,954465
320,Vestido,356779,6778801
461,Mochila,331299,3644289
650,Zapatos deportivos,363466,5088524
772,Zapatos deportivos,457268,6401752
146,Gorro de lana,153410,306820
18,Blusa,407021,6105315
886,Camiseta básica,433956,8245164
277,Short,227999,2735988
256,Vestido,570658,9130528
511,Chaqueta vaquera,221356,3541696
933,Camiseta de tirantes,237572,1663004
96,Camisa Polo,232875,1164375
302,Blusa de seda,251751,3524514
972,Camisa a rayas,421492,4636412
986,Pijama de algodón,518386,7257404
794,Vestido elegante,439595,2637570
311,Mochila,231796,4404124
720,Abrigo largo,452089,1808356
209,Chaqueta Cuero Caballero,271421,3799894
870,Falda plisada,348182,4526366
651,Gorros de baño,536017,9648306
992,Cordones,502227,6026724
56,Falda plisada,393350,6686950
819,Gorros de baño,567934,1703802
325,Mono corto,166751,500253
681,Gorros de baño,240190,3122470
618,Termo,569413,4555304
709,Camiseta básica,503660,8562220
668,Gorra,546935,8750960
551,Anillo de diamantes,403726,0
851,Pantalones de yoga,159395,1753345
396,Anillo de diamantes,441781,0
936,Vestido de noche,358747,0
808,Leggings deportivos,380956,2285736
245,Chaqueta Cuero Dama,578976,2894880
789,Reloj Dama,471292,7069380
228,Pines (accesorios),165952,2821184
132,Reloj Caballero,452487,0
304,Sudadera ligera,579507,4056549
405,Blusa estampada,500256,2501280
427,Camiseta básica,569476,3986332
918,Vestido de verano,208576,1877184
100,Short,158301,1899612
752,Chaqueta Cuero Caballero,398122,0
392,Short,338389,2368723
918,Pantalones cargo,530730,3715110
758,Traje de baño,223401,3574416
661,Pantalones de yoga,226111,904444
599,Sudadera,578741,10417338
842,Pines (accesorios),439312,3514496
663,Traje de baño,250386,0
738,Cartera,455712,2734272
875,Shorts de playa,202929,3043935
771,Camisa Basica,381217,0
659,Zapatos de vestir,546954,9298218
734,Chaqueta Cuero Dama,425938,3407504
763,Camiseta polo,164922,164922
55,Bufanda de lana,262422,1049688
525,Short,174806,3146508
865,Vestido elegante,446296,5355552
971,Pantalones cargo,471293,2356465
59,Sudadera,302529,4537935
349,Gorro de lana,453901,5446812
778,Chaqueta vaquera,215867,215867
283,Short,260457,2344113
379,Vestido de verano,489808,9306352
109,Chaqueta de cuero,462972,0
903,Chaleco acolchado,288397,288397
541,Camisa a rayas,572493,5152437
770,Gorro de lana,318156,3181560
938,Gorro de esquí,485367,7280505
152,Gorros de baño,515917,2063668
840,Reloj Dama,536310,5363100
921,Camiseta básica,224254,2466794
420,Reloj de pulsera,263871,2638710
463,Bolso de mano,418204,7945876
607,Camiseta básica,332776,2994984
594,Chaqueta Cuero Dama,253902,3808530
886,Botas de montaña,231636,231636
453,Pines (accesorios),322310,1933860
12,Vestido,268736,3493568
76,Chaqueta Cuero Caballero,546310,3824170
748,Corbata de seda,596946,8954190
962,Bono Regalo,222095,1332570
761,Camiseta básica,366836,2567852
287,Camisa Basica,420222,840444
419,Sombrero de verano,541705,4333640
274,Chaleco acolchado,202895,608685
102,Vestido de noche,218199,4145781
225,Leggings deportivos,590680,8860200
327,Chándal,182100,1821000
480,Reloj de pulsera,236299,1181495
436,Botas de montaña,445474,5345688
14,Cartera,333693,5339088
437,Pantalones vaqueros,179760,3055920
537,Correa,545050,6540600
25,Zapatos,358696,358696
715,Zapatos de tacón,222939,3567024
288,Chaqueta vaquera,189488,2842320
704,Zapatillas de casa,315172,630344
818,Chaleco acolchado,394534,6312544
263,Reloj Dama,205099,2461188
266,Zapatillas de casa,412654,4126540
532,Zapatos de tacón,526959,2634795
555,Short,432354,864708
391,Camisa Polo,237967,1189835
606,Pañuelo de seda,255383,2809213
895,Gorro de lana,500889,500889
396,Mochila,597161,2388644
461,Traje de baño,220564,1764512
990,Camiseta básica,345196,6558724
942,Pines (accesorios),175857,879285
452,Gorros de baño,228713,2744556
975,Camiseta polo,552009,4416072
679,Traje de baño,213081,2983134
187,Gorros de baño,232964,4426316
850,Camisa Cuello V,344913,0
626,Reloj Dama,341537,1024611
140,Camiseta básica,577804,10978276
53,Cordones,581960,7565480
682,Buso,570376,8555640
330,Pañuelo de seda,207149,2278639
941,Sudadera ligera,361631,4701203
663,Chándal,413760,7447680
463,Sudadera ligera,471083,6124079
444,Chándal,476703,8580654
298,Medias Largas,584715,6431865
488,Reloj Caballero,224405,1346430
181,Cinturón de cuero,598621,4788968
243,Blusa de seda,244018,3904288
144,Termo,434494,434494
893,Termo,520279,8324464
605,Falda plisada,459647,0
856,Blusa de seda,211022,1055110
650,Medias Tobilleras,322131,2254917
438,Camisa Basica,480042,8160714
380,Pañuelo de seda,358227,6448086
207,Sombrero de verano,251071,1506426
633,Gorros de baño,439095,8342805
525,Pantalones cortos,246562,1232810
175,Zapatos de lona,263355,1316775
147,Zapatos,346309,2077854
697,Zapatos de vestir,502550,5528050
76,Abrigo largo,334045,2338315
49,Bolso de mano,499911,5499021
410,Chaqueta Cuero Dama,577583,3465498
709,Sudadera con capucha,154869,2632773
24,Zapatos deportivos,392736,3141888
479,Blusa,574601,8619015
37,Medias Tobilleras,305743,1528715
838,Cinturón de cuero,542376,5423760
30,Vestido de verano,358305,1074915
258,Short,420794,1262382
185,Chaqueta Cuero Dama,590115,4720920
594,Short,521756,1565268
953,Gorros de baño,183055,3111935
204,Reloj Dama,501889,2509445
895,Leggings deportivos,532233,3193398
395,Traje de baño,476452,8576136
939,Sudadera,577971,6357681
507,Pantalones vaqueros,333759,1001277
755,Zapatos de vestir,486758,1460274
70,Corbata de seda,347638,1042914
556,Botas de montaña,252980,2276820
716,Pantalones de yoga,218977,2627724
784,Pines (accesorios),180930,2171160
487,Chaqueta de cuero,411520,3292160
180,Bolso de mano,214787,1288722
56,Cartera,178008,356016
526,Termo,441478,6180692
647,Pantaloneta,485153,3881224
280,Reloj de pulsera,492311,1969244
872,Chaqueta Cuero Dama,454392,6815880
201,Pines (accesorios),338935,677870
461,Gorros de baño,465595,2793570
237,Vestido,431311,3881799
14,Gafas de sol,501007,3006042
398,Chaleco acolchado,419994,1679976
433,Pantalones cargo,207131,3314096
251,Abrigo largo,578448,9833616
573,Cinturón de cuero,412681,1238043
526,Botas de montaña,349172,6634268
274,Bono Regalo,322844,2582752
829,Short,550646,10462274
675,Vestido de verano,552678,4974102
542,Camisa Polo,432669,2596014
705,Gafas de sol,410359,4513949
992,Chaqueta de invierno,366481,3298329
363,Bolso de mano,274571,2471139
663,Chaleco acolchado,363352,5450280
787,Pantalones cortos,233228,1865824
420,Anillo de diamantes,302450,4839200
336,Pañuelo de seda,307444,2459552
192,Traje de baño,270394,2974334
438,Blusa,565522,9613874
584,Anillo de diamantes,513302,3079812
338,Chaqueta Cuero Caballero,512277,0
647,Abrigo largo,487685,2926110
720,Pantalones de yoga,586521,5278689
884,Mono corto,568718,6255898
374,Zapatos de tacón,335891,1007673
99,Chaleco acolchado,361911,723822
612,Camisa Polo,396266,5151458
331,Pantaloneta,540080,10261520
140,Camiseta polo,208903,3760254
611,Cordones,507062,8620054
360,Calcetines de algodón,432527,6055378
899,Sombrero de verano,232622,465244
901,Bono Regalo,286640,5446160
388,Pantaloneta,455973,0
795,Zapatos,400255,5603570
890,Camiseta de tirantes,217241,651723
68,Blusa estampada,180058,2160696
491,Vestido elegante,588849,0
236,Zapatillas de casa,394699,1973495
436,Camiseta de tirantes,293889,1469445
428,Jersey de lana,155684,1712524
228,Camisa Basica,330337,5615729
265,Pantalones cargo,201693,403386
273,Medias Largas,590926,10045742
31,Vestido de noche,364209,3642090
323,Pantalones cargo,435658,3920922
726,Blusa estampada,180662,0
913,Bufanda de lana,547039,8752624
323,Falda plisada,535089,3745623
176,Zapatos de vestir,480986,1442958
200,Zapatos de vestir,336359,5718103
643,Vestido de verano,209863,1678904
805,Reloj Caballero,311010,4665150
793,Pantalon,472204,7555264
849,Short,390036,1170108
564,Camiseta polo,475855,6186115
7,Gorros de baño,363527,727054
377,Pantaloneta,208734,1043670
961,Abrigo largo,157558,630232
58,Blusa,482913,7243695
982,Chaqueta vaquera,418962,5027544
686,Gorro de lana,225081,675243
78,Buso,385966,3473694
122,Zapatos,598948,4192636
411,Pantalones cortos,524708,9969452
539,Chándal,198826,3777694
414,Leggings deportivos,282777,3958878
168,Pantalon,245420,4662980
446,Pijama de algodón,208503,2919042
736,Short,470458,5645496
438,Chaleco acolchado,317374,5395358
807,Vestido de noche,495664,4956640
516,Zapatillas de casa,543909,7614726
217,Bufanda de lana,365577,2193462
951,Sudadera ligera,380381,760762
746,Chaleco acolchado,398944,1595776
756,Gorro de esquí,585364,2926820
690,Zapatos deportivos,335090,1340360
903,Vestido elegante,485243,4852430
548,Chaqueta Cuero Dama,440381,2201905
726,Reloj Caballero,591711,5325399
188,Mono corto,249780,249780
728,Camisa Polo,293313,879939
391,Chaqueta vaquera,541991,8671856
410,Camisa a rayas,535127,2140508
968,Camiseta de tirantes,210208,1261248
247,Zapatos deportivos,206662,1033310
664,Reloj de pulsera,529873,6358476
174,Pantalones cargo,154571,1854852
568,Camisa Basica,515377,8761409
726,Bikini,188313,0
474,Termo,190813,190813
654,Pantaloneta,574450,2872250
446,Zapatos de lona,227169,227169
481,Leggings deportivos,299222,3590664
717,Gorro de esquí,168316,168316
471,Camisa Basica,200370,2604810
264,Pantalones de yoga,265215,1326075
868,Blusa,521269,1042538
400,Camisa Cuello V,458436,458436
126,Pijama de algodón,540967,1081934
954,Blusa estampada,598553,6584083
365,Vestido de noche,235856,1415136
894,Leggings deportivos,511871,4094968
612,Sudadera ligera,404987,404987
752,Sombrero de verano,392689,6283024
968,Pantalones cortos,165910,331820
980,Bikini,544563,2178252
191,Camisa Basica,532687,9588366
964,Camisa Basica,333788,2670304
532,Bono Regalo,238570,3817120
454,Camisa Polo,521454,3128724
701,Zapatos deportivos,405315,405315
665,Chándal,320766,320766
107,Reloj de pulsera,429565,7302605
92,Camisa Polo,199718,1797462
461,Chándal,488286,3906288
713,Camisa Basica,432440,3027080
295,Short,240854,2167686
924,Camisa Cuello V,546344,6009784
990,Chaqueta de invierno,532405,0
444,Reloj Dama,425117,3400936
548,Vestido,403437,1210311
234,Blusa,184595,1845950
542,Camisa Basica,234724,4459756
554,Blusa estampada,321877,1931262
2,Pantalones vaqueros,349922,1399688
829,Pantalones cargo,472510,5670120
345,Chaqueta Cuero Caballero,346106,4153272
729,Vestido de verano,444750,2668500
342,Pantalon,548046,9864828
593,Vestido de verano,580432,9286912
731,Sudadera con capucha,366300,4761900
619,Corbata de seda,197765,3164240
781,Vestido,477352,6205576
451,Calcetines de algodón,559750,7836500
492,Reloj de pulsera,268539,1342695
256,Gafas de sol,326915,1634575
793,Medias Tobilleras,262234,0
192,Sombrero de verano,177637,355274
735,Chaqueta de cuero,471729,5660748
243,Gafas de sol,553569,1107138
763,Camiseta básica,544518,7623252
815,Pantaloneta,278872,4740824
768,Vestido elegante,383948,4607376
128,Bolso de mano,209295,3139425
946,Falda plisada,483220,6765080
858,Bikini,267051,3738714
181,Pañuelo de seda,207128,3728304
453,Zapatos,512577,3075462
294,Cartera,402816,7653504
801,Pañuelo de seda,406634,5286242
810,Sudadera con capucha,248550,1739850
311,Gorro de esquí,385072,6931296
564,Blusa,532359,5323590
869,Chaqueta Cuero Caballero,242680,485360
768,Chaqueta de invierno,436585,0
377,Leggings deportivos,445949,7581133
397,Pijama de algodón,270975,3793650
678,Abrigo largo,320567,1282268
336,Vestido,423521,7623378
892,Short,323888,4858320
885,Chaleco acolchado,251227,251227
963,Chaqueta Cuero Caballero,568140,5113260
119,Camisa Polo,356829,6066093
610,Sudadera,399498,399498
469,Gorra,190321,1141926
917,Sudadera ligera,246859,1481154
328,Mochila,286640,1719840
117,Camiseta de tirantes,158275,158275
381,Chaqueta de cuero,370184,370184
730,Gorros de baño,416469,4997628
553,Zapatos de tacón,371863,4834219
466,Anillo de diamantes,373476,3734760
142,Chaqueta Cuero Caballero,366688,1833440
952,Leggings deportivos,269957,2429613
829,Abrigo largo,430506,430506
944,Calcetines de algodón,445542,6237588
265,Anillo de diamantes,243193,2918316
946,Shorts de playa,506495,1012990
511,Shorts de playa,533184,3199104
724,Shorts de playa,559811,4478488
937,Chaqueta de cuero,532724,1598172
455,Gorra,325393,5531681
709,Sudadera con capucha,498098,6475274
307,Correa,211981,1907829
492,Zapatos de vestir,199138,3584484
107,Camisa Basica,560426,4483408
927,Pantalones vaqueros,245077,3676155
687,Gorra,323116,5492972
867,Chaqueta de invierno,185213,370426
118,Medias Largas,289386,2893860
366,Reloj de pulsera,290058,2320464
181,Falda plisada,175917,2638755
101,Chaqueta de invierno,464562,3716496
992,Mochila,281945,5075010
186,Sombrero de verano,411035,5343455
185,Pantalones cargo,171250,2740000
672,Zapatillas de casa,377175,1508700
522,Sombrero de verano,282062,4512992
959,Gorra,414443,6631088
673,Short,158993,1271944
336,Chaqueta Cuero Caballero,546847,5468470
711,Camisa Basica,255603,3322839
276,Bufanda de lana,538066,6456792
287,Vestido,216487,2381357
793,Cartera,343815,3094335
253,Camiseta polo,311759,5299903
609,Camiseta de tirantes,523652,0
54,Bikini,485752,1457256
663,Buso,300191,900573
266,Anillo de diamantes,257872,2062976
981,Cinturón de cuero,199404,2592252
1,Botas de montaña,346338,6234084
601,Cartera,288369,576738
898,Zapatos,415641,2909487
639,Gorra,243807,3413298
578,Vestido,418062,1254186
798,Abrigo largo,228575,2971475
294,Bolso de mano,586325,5276925
137,Cartera,385321,3853210
907,Camiseta básica,284280,4264200
716,Chándal,541325,9202525
382,Chaqueta vaquera,469288,3754304
827,Correa,427233,2136165
943,Blusa estampada,463244,6022172
243,Falda plisada,531953,2659765
837,Termo,225162,2026458
711,Medias Largas,505949,3541643
679,Pantalon,169397,3049146
169,Buso,398374,796748
138,Bono Regalo,222827,4010886
525,Bono Regalo,183669,1102014
926,Pañuelo de seda,496643,496643
415,Pantaloneta,264454,3702356
206,Zapatos de vestir,454441,3181087
248,Chándal,263693,5010167
967,Chándal,422525,1690100
109,Shorts de playa,538700,7003100
153,Reloj de pulsera,261509,1046036
229,Blusa,443202,1329606
720,Zapatos,352582,3878402
815,Sudadera ligera,505954,5059540
791,Chaqueta de cuero,485182,7762912
211,Jersey de lana,518317,5701487
816,Gorros de baño,519239,7788585
661,Bufanda de lana,273126,4370016
469,Zapatos de tacón,229730,2986490
90,Pantalones cortos,567007,567007
913,Camisa a rayas,267430,534860
698,Reloj Caballero,337297,2023782
525,Vestido,334043,334043
843,Blusa estampada,181542,1815420
364,Camiseta de tirantes,214327,1500289
979,Botas de montaña,486251,7780016
315,Chaqueta vaquera,403355,403355
226,Anillo de diamantes,584203,8763045
767,Camisa a rayas,449609,5844917
194,Pines (accesorios),314043,314043
265,Corbata de seda,158687,634748
559,Leggings deportivos,571020,7423260
47,Falda plisada,302631,5749989
838,Sudadera,286172,5437268
692,Vestido de noche,300269,5104573
749,Bikini,342798,1713990
677,Sudadera con capucha,208150,1040750
489,Zapatillas de casa,465858,0
409,Jersey de lana,271255,2170040
495,Camisa a rayas,513345,8726865
54,Termo,185647,0
427,Vestido elegante,452902,3170314
942,Zapatos deportivos,161428,484284
250,Buso,428759,2572554
289,Calcetines de algodón,551332,7718648
136,Zapatos de lona,212879,2128790
899,Chaleco acolchado,308968,2780712
810,Falda plisada,434721,3912489
175,Pantalones de yoga,337995,1351980
918,Cordones,408430,4084300
853,Pines (accesorios),179049,2864784
907,Pantaloneta,542047,9756846
928,Pantalones cortos,571527,10287486
369,Camisa a rayas,392742,7462098
291,Camisa Basica,160994,1448946
513,Pantalon,241301,3860816
862,Gorra,595077,2380308
243,Pañuelo de seda,519249,7269486
895,Blusa de seda,373224,4478688
592,Leggings deportivos,542773,7056049
346,Camiseta de tirantes,568469,0
688,Camiseta básica,463293,6486102
44,Gorro de esquí,371747,2230482
989,Blusa,253082,0
113,Cinturón de cuero,390906,2345436
989,Pantalon,504021,0
561,Zapatillas de casa,529301,4763709
851,Gorros de baño,398852,5982780
930,Gafas de sol,399295,3194360
48,Chaqueta de invierno,189411,1136466
957,Sudadera ligera,325030,5525510
609,Chaleco acolchado,238389,476778
984,Vestido de verano,375139,4876807
616,Bikini,354812,5322180
202,Zapatos deportivos,301223,4217122
257,Anillo de diamantes,319916,4478824
146,Medias Tobilleras,463981,0
240,Vestido,256778,256778
459,Reloj de pulsera,156499,2347485
492,Zapatillas de casa,258318,3358134
808,Blusa estampada,158712,2698104
325,Vestido de verano,587603,1175206
597,Calcetines de algodón,391674,1566696
643,Traje de baño,462412,1387236
104,Reloj de pulsera,225471,4058478
443,Chaqueta de cuero,437929,3503432
168,Abrigo largo,196875,787500
66,Camiseta polo,597439,4182073
520,Chaqueta de invierno,556141,2780705
346,Camiseta de tirantes,598021,5382189
950,Corbata de seda,440285,4843135
360,Pantalones cargo,363150,6899850
337,Pijama de algodón,550402,2201608
673,Pantalones cortos,196607,983035
511,Zapatos,542238,3253428
94,Chaqueta de cuero,492207,8367519
420,Gafas de sol,374263,1497052
222,Vestido,530680,3714760
904,Pantalones cortos,586203,1172406
122,Camiseta básica,592199,0
824,Pantalones vaqueros,464503,5109533
230,Camisa Polo,304881,1524405
178,Pantalones de yoga,226603,906412
979,Gorra,442346,442346
692,Gafas de sol,189143,2269716
473,Sudadera,297966,1489830
915,Bikini,473783,1421349
246,Abrigo largo,407338,2444028
347,Gafas de sol,295739,295739
739,Reloj de pulsera,215640,1078200
330,Vestido de noche,557664,6134304
555,Pantalones cortos,215008,3440128
692,Shorts de playa,184314,921570
149,Mochila,345538,5528608
914,Bolso de mano,211603,3174045
294,Pantalones cortos,435261,5658393
181,Sudadera con capucha,184959,2219508
295,Vestido,179505,3231090
644,Corbata de seda,451684,3161788
270,Calcetines de algodón,258807,2329263
233,Falda plisada,329474,2635792
64,Camisa Polo,361747,1808735
843,Pantalones cargo,288636,5484084
791,Chaqueta Cuero Dama,585806,1171612
403,Gorro de esquí,425243,5953402
411,Cartera,316228,632456
322,Gafas de sol,480515,4805150
133,Bufanda de lana,161527,2584432
621,Cordones,571208,1142416
717,Chaqueta Cuero Dama,579056,6948672
432,Reloj de pulsera,287423,574846
632,Zapatos deportivos,546784,10388896
15,Camiseta básica,495958,8431286
525,Chaleco acolchado,446289,7586913
707,Camiseta básica,390795,3517155
558,Pantalon,444592,444592
275,Camiseta básica,512416,9223488
356,Zapatos de tacón,450570,450570
476,Calcetines de algodón,391302,3913020
738,Camisa Basica,420731,2945117
886,Chaqueta de invierno,313370,4073810
822,Bono Regalo,226977,2496747
381,Sudadera con capucha,195219,0
54,Buso,300793,5715067
852,Medias Tobilleras,240898,963592
446,Zapatillas de casa,488678,2443390
790,Vestido elegante,595858,2979290
745,Chándal,213832,1282992
40,Pantalones de yoga,377024,4147264
537,Pantalones cargo,576157,7490041
221,Zapatos de tacón,249118,3985888
95,Chándal,157192,1886304
708,Camisa Cuello V,471878,8021926
682,Chaqueta de cuero,264456,1057824
13,Cordones,593523,1187046
43,Blusa estampada,577202,5194818
796,Botas de montaña,516022,7224308
734,Bikini,299120,2991200
681,Jersey de lana,219240,3946320
379,Vestido de noche,518384,518384
535,Zapatos de lona,505794,1011588
995,Chándal,534312,4274496
425,Reloj de pulsera,444619,3556952
873,Bufanda de lana,306378,1225512
506,Chándal,172583,1725830
616,Pantalones de yoga,360435,3604350
232,Zapatos de lona,202324,3237184
507,Gorro de lana,562799,4502392
365,Pantalones cortos,593011,593011
608,Leggings deportivos,413935,6622960
849,Zapatos deportivos,155008,2790144
544,Pines (accesorios),230646,691938
464,Chaqueta Cuero Dama,437966,0
812,Camiseta básica,446941,6704115
724,Blusa estampada,507698,7615470
640,Correa,305102,305102
637,Pantaloneta,312052,312052
514,Pines (accesorios),570318,9125088
818,Abrigo largo,549221,9336757
339,Bolso de mano,576246,10948674
579,Gafas de sol,321151,2890359
82,Zapatos de tacón,282308,2258464
401,Cinturón de cuero,303433,1820598
829,Cartera,179828,2877248
307,Bufanda de lana,462170,924340
16,Reloj Caballero,387012,0
175,Pantalones cargo,268432,1073728
336,Calcetines de algodón,218053,0
809,Gorros de baño,186380,1491040
754,Corbata de seda,193384,3287528
384,Pijama de algodón,347661,1738305
252,Cinturón de cuero,501845,5520295
263,Camisa a rayas,500338,9506422
169,Zapatos,289125,578250
169,Pijama de algodón,346658,4506554
714,Zapatos de lona,283914,851742
860,Vestido,308953,3398483
358,Cartera,333997,3005973
248,Gorro de esquí,563053,7882742
925,Blusa de seda,510203,2551015
231,Camisa a rayas,441574,3974166
509,Bikini,439840,1319520
252,Camisa a rayas,550722,2202888
614,Chaqueta de cuero,377130,4902690
201,Chaqueta Cuero Dama,211323,422646
229,Sudadera,343551,687102
719,Camisa Basica,329965,2639720
609,Vestido elegante,185379,3151443
566,Camisa Basica,331396,1325584
787,Zapatos de lona,539520,5934720
354,Camiseta de tirantes,441569,2207845
30,Chaqueta Cuero Dama,387482,1549928
752,Pines (accesorios),208639,2920946
214,Vestido de verano,167028,1336224
596,Medias Tobilleras,483724,5320964
608,Bono Regalo,245950,3935200
798,Chaqueta vaquera,591533,8281462
920,Vestido de verano,233003,3728048
496,Mochila,487144,2922864
197,Jersey de lana,369971,5179594
457,Blusa de seda,527856,3694992
791,Camiseta de tirantes,483404,9184676
203,Traje de baño,390620,2734340
682,Gorro de esquí,180005,1260035
799,Zapatos de lona,551611,10480609
876,Chaqueta Cuero Caballero,579185,1158370
697,Camisa Cuello V,327052,2289364
819,Short,392713,1178139
461,Chaqueta de invierno,303065,909195
702,Sudadera con capucha,264477,2380293
417,Pantalones de yoga,169361,1185527
408,Zapatos,381533,3815330
7,Zapatos,526426,3684982
198,Vestido de verano,554156,2216624
573,Cinturón de cuero,194196,1941960
972,Pantalones vaqueros,284858,3703154
241,Camisa a rayas,553361,1660083
840,Traje de baño,577760,1733280
195,Vestido elegante,444622,4001598
887,Chaleco acolchado,301584,3619008
448,Zapatos deportivos,352555,5288325
253,Pantalon,505193,8588281
936,Pantalones cortos,179108,1253756
359,Vestido de noche,170968,1025808
221,Sudadera,567056,1134112
168,Zapatos deportivos,352295,704590
100,Buso,533688,10140072
624,Pijama de algodón,207103,0
484,Abrigo largo,448254,1793016
817,Camisa Basica,239917,1919336
661,Pantalon,157023,314046
24,Vestido,246806,2714866
8,Camiseta polo,565283,6218113
890,Short,475781,8564058
591,Gorro de esquí,414540,5389020
109,Gafas de sol,389125,1945625
572,Camisa a rayas,357973,2863784
936,Leggings deportivos,275558,1928906
13,Medias Tobilleras,274291,2468619
720,Abrigo largo,598612,5986120
396,Pantaloneta,187780,187780
23,Cordones,582422,3494532
539,Medias Tobilleras,449552,1798208
717,Vestido de noche,473098,8988862
623,Correa,429909,429909
608,Camisa Basica,564099,1128198
696,Camisa Polo,447737,447737
383,Pantalones vaqueros,447579,6713685
96,Vestido elegante,388138,2716966
876,Sombrero de verano,376014,0
790,Bufanda de lana,393009,3537081
625,Pantalones vaqueros,570011,10830209
291,Chaqueta Cuero Dama,327578,5896404
186,Bikini,338020,4394260
778,Calcetines de algodón,432885,3030195
167,Reloj de pulsera,354415,6733885
375,Sudadera con capucha,190822,763288
162,Camisa Basica,337541,675082
473,Chaqueta Cuero Dama,345447,6218046
390,Traje de baño,298675,3882775
696,Chaleco acolchado,368276,2946208
559,Pantalones cortos,396753,1983765
279,Sudadera,258626,3103512
476,Chaqueta de cuero,398772,2791404
621,Camisa a rayas,384545,2691815
592,Reloj Dama,487316,3411212
988,Pantalones cortos,231319,2775828
875,Sudadera con capucha,578852,9261632
57,Reloj de pulsera,304771,3352481
96,Cartera,339320,3393200
590,Medias Tobilleras,173585,2256605
375,Cordones,577993,0
714,Leggings deportivos,201071,1206426
787,Abrigo largo,551939,6623268
448,Blusa estampada,486231,2917386
806,Gorra,563173,0
775,Corbata de seda,346908,3122172
209,Pantalon,158478,2852604
763,Camiseta de tirantes,239604,718812
795,Medias Largas,321708,4503912
189,Traje de baño,189339,1136034
896,Jersey de lana,342735,5826495
105,Chaleco acolchado,428264,5567432
776,Leggings deportivos,319633,0
147,Chaqueta Cuero Dama,539632,5935952
263,Zapatillas de casa,450393,8107074
465,Chaqueta de invierno,374836,2623852
657,Buso,254215,3813225
715,Vestido elegante,153163,918978
136,Pantalones vaqueros,427166,1281498
75,Bono Regalo,457883,5036713
742,Mono corto,455159,6827385
243,Camisa a rayas,368003,2208018
780,Zapatos de lona,339470,678940
140,Vestido,435135,0
410,Jersey de lana,404676,5260788
868,Camiseta polo,444558,4445580
25,Camiseta polo,218167,3272505
40,Gorros de baño,217988,4141772
510,Camiseta de tirantes,391640,7049520
733,Blusa,324113,3241130
642,Pantalones vaqueros,268005,2948055
875,Camisa a rayas,188781,566343
476,Gafas de sol,355859,4982026
818,Chaqueta vaquera,306407,4289698
993,Sombrero de verano,187343,3184831
741,Anillo de diamantes,225582,3834894
530,Corbata de seda,545668,7093684
92,Falda plisada,352420,2114520
980,Jersey de lana,220904,1546328
449,Reloj Dama,387460,6199360
751,Zapatos de tacón,560113,1680339
126,Blusa de seda,569445,7402785
339,Bufanda de lana,407828,3670452
382,Reloj Dama,475732,1902928
255,Vestido de verano,491884,4426956
95,Sudadera,426396,8101524
482,Buso,292660,4682560
815,Gorra,481989,1927956
89,Pantalon,590440,8266160
31,Gorro de esquí,396142,4357562
539,Camiseta polo,534714,6416568
93,Bono Regalo,355893,1067679
399,Zapatillas de casa,188205,1129230
586,Zapatillas de casa,430320,2581920
817,Pantaloneta,154297,2160158
723,Blusa estampada,589512,2358048
562,Pantalones cargo,277822,4167330
888,Gorro de esquí,439998,7039968
67,Pañuelo de seda,261311,261311
133,Medias Largas,506585,3546095
996,Calcetines de algodón,179473,2692095
69,Abrigo largo,527849,7917735
927,Blusa estampada,406233,406233
95,Camisa Polo,457012,4570120
452,Chaqueta de invierno,264704,2647040
678,Sudadera,461510,6922650
87,Cordones,174249,2962233
701,Pantalon,242382,2666202
39,Pantalones cargo,232213,1393278
889,Shorts de playa,367425,4776525
481,Sudadera,274810,4396960
352,Bufanda de lana,515969,4127752
729,Anillo de diamantes,593736,8312304
646,Abrigo largo,301671,1206684
953,Pantalones cortos,301757,301757
613,Pijama de algodón,198421,992105
900,Bono Regalo,543274,2173096
907,Camisa a rayas,204693,409386
109,Zapatos de vestir,247491,2227419
134,Abrigo largo,409341,5321433
379,Zapatos deportivos,186923,1308461
260,Buso,550720,9912960
938,Sudadera,456414,456414
813,Shorts de playa,209439,1466073
184,Sombrero de verano,486092,972184
558,Pantalones de yoga,173476,1214332
279,Pantalones vaqueros,437326,1749304
218,Chaqueta de invierno,201635,2217985
921,Abrigo largo,294901,294901
930,Pines (accesorios),574454,10914626
974,Pantalones vaqueros,294074,882222
616,Chaqueta de cuero,343716,1031148
556,Cinturón de cuero,209310,2511720
701,Zapatos de tacón,566982,10772658
51,Vestido de verano,447705,3581640
149,Chaqueta de cuero,400105,400105
347,Camisa Cuello V,490964,2454820
515,Cartera,192466,1924660
868,Short,430926,1723704
71,Cordones,190153,2852295
377,Zapatos de vestir,490947,5400417
720,Zapatos deportivos,276251,2486259
995,Blusa estampada,172779,3282801
429,Medias Largas,449946,7199136
924,Reloj Caballero,361961,6515298
115,Chaqueta Cuero Dama,535778,535778
189,Reloj de pulsera,462639,3701112
826,Pañuelo de seda,261358,4443086
873,Short,356296,1425184
282,Botas de montaña,404414,1617656
3,Zapatos deportivos,354913,2484391
477,Mochila,239900,4318200
756,Camisa Cuello V,492510,9357690
992,Chaqueta de invierno,246773,2961276
315,Camiseta de tirantes,165475,2316650
763,Vestido elegante,449537,8541203
246,Chaqueta de invierno,156683,2036879
870,Bono Regalo,292883,292883
111,Mochila,282281,282281
551,Mono corto,492077,1968308
16,Camiseta polo,470630,2823780
904,Chaqueta Cuero Caballero,557673,557673
104,Botas de montaña,425886,6814176
684,Zapatos de vestir,182489,2189868
831,Chaqueta Cuero Caballero,372636,6334812
929,Gorros de baño,300817,2105719
811,Cartera,336500,1346000
492,Sudadera con capucha,581786,7563218
555,Gorros de baño,372904,372904
591,Bolso de mano,219900,1099500
345,Medias Largas,470296,5173256
741,Camisa Polo,154686,1082802
431,Sombrero de verano,366055,2196330
202,Cinturón de cuero,366320,2564240
989,Camiseta de tirantes,538389,5383890
622,Chaqueta vaquera,313699,941097
844,Correa,349705,0
327,Chaqueta de invierno,487509,3900072
77,Pantalones de yoga,501635,6019620
15,Blusa de seda,259637,1298185
642,Bufanda de lana,166537,2664592
954,Zapatos de lona,559994,3919958
923,Bono Regalo,577244,7504172
180,Pantalon,361593,3615930
359,Shorts de playa,240025,1920200
542,Bono Regalo,289993,1449965
28,Pijama de algodón,282132,5078376
336,Camisa Basica,288775,2598975
885,Chaqueta vaquera,329643,0
216,Falda plisada,312124,3433364
650,Calcetines de algodón,195285,976425
556,Zapatillas de casa,255228,1020912
775,Pantalon,181671,726684
469,Mono corto,380915,0
629,Sudadera ligera,225749,2257490
508,Pantalon,206735,413470
893,Botas de montaña,356949,1070847
617,Pijama de algodón,186332,186332
186,Vestido de noche,158624,158624
787,Shorts de playa,254851,2293659
73,Anillo de diamantes,583889,11093891
728,Gorros de baño,414009,2484054
965,Buso,381736,3053888
688,Bono Regalo,491421,3931368
202,Gorros de baño,478926,3831408
504,Abrigo largo,426112,6817792
396,Pantalones cargo,564004,3948028
805,Leggings deportivos,583992,4087944
254,Blusa estampada,530090,7951350
908,Zapatos de tacón,263471,3425123
774,Jersey de lana,393796,7088328
671,Mochila,169921,3228499
627,Gorro de lana,536608,8585728
424,Corbata de seda,586850,5868500
828,Vestido,448591,1345773
122,Sombrero de verano,497712,497712
649,Traje de baño,294621,3240831
924,Camisa a rayas,373308,6719544
123,Leggings deportivos,228183,4335477
937,Sudadera con capucha,175320,1753200
722,Anillo de diamantes,531713,9039121
718,Chaqueta vaquera,293652,293652
758,Camiseta polo,433823,433823
336,Reloj Caballero,153734,1229872
441,Reloj de pulsera,325772,0
945,Short,403977,5655678
361,Zapatos de vestir,439586,7033376
7,Chaqueta de cuero,168216,504648
867,Chándal,180808,180808
15,Cartera,265199,1060796
671,Chaqueta de invierno,525403,4728627
177,Bolso de mano,312760,1251040
24,Cinturón de cuero,341996,3761956
189,Botas de montaña,381836,5727540
353,Vestido elegante,584493,6429423
422,Pantalon,456078,8209404
632,Chaqueta de invierno,362820,5442300
884,Correa,441103,441103
155,Mono corto,492866,2464330
47,Correa,427657,2565942
301,Pines (accesorios),389378,7398182
501,Shorts de playa,537082,5907902
666,Sombrero de verano,393500,7476500
922,Bolso de mano,547108,10395052
481,Sudadera con capucha,372642,1117926
686,Shorts de playa,487750,1951000
193,Zapatos deportivos,569466,3986262
719,Blusa estampada,558569,8378535
991,Camisa Polo,456535,0
39,Pantalon,273769,4380304
194,Pantalon,281309,3938326
438,Camisa a rayas,260943,260943
128,Vestido de verano,531657,4784913
705,Camisa Basica,573323,0
121,Sudadera,575474,4603792
191,Camiseta polo,298128,894384
297,Gorro de lana,345261,0
472,Medias Tobilleras,564785,4518280
167,Gorros de baño,310034,4340476
53,Camisa Cuello V,577766,0
460,Shorts de playa,215517,2801721
399,Shorts de playa,192760,1927600
919,Mono corto,333677,667354
333,Zapatos de lona,501159,4510431
952,Vestido de verano,186009,2604126
269,Corbata de seda,277790,5000220
250,Traje de baño,400872,7215696
973,Sudadera,434583,869166
354,Vestido elegante,379528,0
249,Medias Tobilleras,466296,932592
256,Camiseta básica,481439,8665902
213,Bono Regalo,162131,648524
869,Short,291593,2332744
643,Jersey de lana,266141,3193692
669,Zapatos de tacón,376271,0
428,Pañuelo de seda,441776,6626640
337,Traje de baño,501100,6514300
574,Chaleco acolchado,246450,3203850
114,Camiseta de tirantes,210517,1473619
73,Camisa Polo,428044,1712176
375,Vestido de verano,388700,1554800
955,Chaqueta Cuero Caballero,190850,2099350
681,Chándal,411257,6580112
402,Chaqueta Cuero Dama,166235,2825995
632,Sudadera ligera,575447,10933493
399,Chaqueta vaquera,289688,1448440
476,Vestido de verano,517025,6204300
204,Blusa,441443,3531544
216,Short,166980,1836780
381,Bolso de mano,159911,2078843
557,Pantalones cargo,506378,3544646
13,Vestido de noche,565904,3395424
696,Cordones,191086,764344
485,Corbata de seda,343310,2746480
771,Pijama de algodón,255103,2551030
920,Camiseta de tirantes,256011,2304099
148,Sudadera con capucha,167710,1677100
478,Calcetines de algodón,324353,3567883
85,Camiseta de tirantes,497616,0
418,Chaleco acolchado,209320,2511840
364,Calcetines de algodón,507220,9637180
20,Zapatos deportivos,335178,4022136
303,Sudadera con capucha,543119,6517428
105,Chaqueta Cuero Caballero,153375,0
949,Camisa Polo,534359,2137436
340,Mono corto,479743,7196145
791,Pantalones vaqueros,535512,9639216
302,Camiseta básica,186422,2237064
684,Camisa Basica,295816,2366528
814,Chándal,239239,3588585
53,Pantalones cortos,591075,4728600
685,Short,311423,2179961
77,Bolso de mano,286743,3727659
708,Chaqueta vaquera,357451,714902
550,Gorra,517380,9312840
388,Chaqueta de invierno,233285,4432415
844,Gorro de lana,201947,3029205
809,Pantalones cortos,567967,8519505
919,Sombrero de verano,438921,6144894
209,Camisa Cuello V,492071,8365207
422,Sombrero de verano,555346,7219498
649,Chándal,542180,542180
532,Camisa a rayas,385975,5403650
622,Pijama de algodón,548416,4935744
530,Zapatos de lona,163527,1962324
327,Short,547014,10393266
381,Reloj Caballero,201455,3223280
846,Camisa a rayas,491304,3439128
221,Gorros de baño,460427,2302135
57,Pantalones vaqueros,263074,2367666
512,Jersey de lana,210984,3164760
658,Chaqueta Cuero Dama,402611,805222
766,Mochila,248508,4721652
496,Gorra,425342,4253420
905,Cordones,569658,6266238
9,Cinturón de cuero,515510,8248160
222,Bono Regalo,313530,5016480
105,Sudadera ligera,156923,627692
307,Pijama de algodón,231948,1623636
515,Gorros de baño,468242,4214178
198,Blusa,589986,1769958
133,Anillo de diamantes,587706,5289354
435,Blusa estampada,179429,1794290
987,Mono corto,233622,3504330
522,Reloj Dama,437264,4809904
826,Gorro de esquí,401511,1204533
75,Mochila,383686,3836860
327,Cinturón de cuero,485554,3398878
197,Cartera,358291,2149746
880,Botas de montaña,331905,995715
521,Abrigo largo,582524,3495144
491,Chaqueta de cuero,384192,6915456
402,Chaqueta de cuero,454942,6369188
649,Gorro de esquí,261326,3919890
324,Zapatos de vestir,584330,584330
329,Chaleco acolchado,438488,2192440
510,Vestido de verano,493703,3949624
454,Reloj Caballero,290945,4364175
292,Medias Largas,315383,5361511
326,Camiseta polo,562723,2250892
119,Mochila,292325,2630925
769,Bono Regalo,293503,1761018
340,Chándal,410005,410005
608,Vestido,431864,431864
484,Camisa Basica,323041,3553451
526,Chándal,564175,3949225
588,Bono Regalo,342851,2742808
109,Pantalones vaqueros,519132,5191320
837,Blusa estampada,153531,153531
632,Camisa Polo,418457,5858398
249,Pañuelo de seda,363967,6187439
972,Leggings deportivos,262976,4996544
544,Bono Regalo,488510,6839140
723,Mono corto,524631,2098524
445,Traje de baño,522835,6274020
366,Chaqueta Cuero Dama,364060,6189020
523,Camisa Polo,569474,5694740
855,Zapatillas de casa,361654,3616540
752,Chaqueta de cuero,421070,4210700
161,Vestido elegante,507754,3046524
546,Gorra,229695,689085
485,Pantalones cargo,261489,3660846
324,Sudadera,188601,0
93,Bono Regalo,585066,9946122
841,Chaqueta Cuero Caballero,264222,1321110
130,Sudadera ligera,372142,4093562
328,Bono Regalo,385564,5783460
151,Gorro de lana,596275,6559025
396,Reloj de pulsera,562495,562495
402,Chaqueta de invierno,227545,3868265
104,Cordones,409137,2454822
599,Bono Regalo,371281,3712810
762,Buso,218328,0
488,Chaqueta Cuero Dama,225650,1579550
696,Chaqueta Cuero Caballero,440241,0
627,Cartera,348081,3132729
770,Pines (accesorios),594122,0
28,Mono corto,403282,1209846
456,Botas de montaña,416545,7914355
533,Camisa Polo,548266,8223990
431,Mochila,486554,7784864
257,Reloj Dama,421445,842890
382,Reloj de pulsera,324596,3895152
316,Chaleco acolchado,362611,5076554
606,Zapatos de tacón,492662,0
327,Chaqueta de invierno,419566,7132622
431,Chaqueta vaquera,570144,9692448
688,Gorra,574141,7463833
989,Medias Tobilleras,315256,5989864
639,Zapatos deportivos,492954,6901356
657,Botas de montaña,433750,1301250
874,Sombrero de verano,246392,4681448
579,Corbata de seda,410479,5746706
818,Mono corto,264723,4235568
305,Corbata de seda,193411,3287987
357,Bono Regalo,480465,5765580
397,Camiseta de tirantes,253430,4815170
271,Vestido,470093,3290651
343,Bikini,229571,229571
704,Chaqueta de cuero,486659,1459977
217,Pines (accesorios),444277,2221385
592,Gorra,295665,4434975
715,Bolso de mano,255220,3828300
331,Sombrero de verano,470618,6588652
703,Abrigo largo,268724,2687240
778,Reloj de pulsera,454009,3178063
404,Gorra,244619,3913904
37,Pañuelo de seda,558574,7261462
363,Bufanda de lana,561714,5617140
283,Reloj Caballero,584191,4673528
849,Leggings deportivos,500976,9017568
101,Mochila,562214,4497712
677,Cartera,287694,1150776
776,Camisa a rayas,314153,2199071
396,Gorra,269230,3769220
753,Medias Tobilleras,573278,6879336
793,Pantalones cargo,470411,8467398
540,Chaleco acolchado,150242,300484
46,Chaleco acolchado,467922,2807532
908,Bono Regalo,438419,1753676
718,Vestido,248121,2481210
38,Blusa de seda,246231,0
903,Blusa de seda,355777,2490439
702,Zapatos de tacón,255178,0
431,Medias Tobilleras,507858,4062864
174,Pines (accesorios),589591,7075092
268,Leggings deportivos,509654,1019308
984,Camisa a rayas,541608,541608
630,Sombrero de verano,382572,5356008
810,Cinturón de cuero,308555,2159885
694,Cinturón de cuero,242329,1696303
321,Camiseta de tirantes,259753,3117036
907,Bolso de mano,546432,1092864
329,Zapatos deportivos,173283,1386264
483,Abrigo largo,445760,6686400
959,Short,330940,5956920
561,Pantaloneta,175867,1582803
318,Pantalones cortos,331008,2979072
391,Abrigo largo,194864,1169184
843,Falda plisada,272502,272502
599,Vestido elegante,440569,3965121
231,Camisa Cuello V,496267,7444005
274,Gorro de esquí,275171,0
885,Bikini,326552,4898280
288,Anillo de diamantes,221985,2885805
190,Gorra,303694,0
202,Medias Largas,371894,1487576
410,Bono Regalo,456901,4569010
33,Blusa,461756,6926340
945,Pines (accesorios),507986,5587846
744,Gorros de baño,160385,801925
743,Reloj de pulsera,532719,0
165,Gorra,293022,3516264
42,Zapatillas de casa,349134,2443938
512,Sudadera ligera,337794,5742498
648,Blusa estampada,382658,0
1000,Sudadera ligera,586606,5866060
356,Chaqueta de invierno,555671,9446407
481,Camisa a rayas,364309,1092927
681,Medias Largas,374228,5613420
546,Vestido de noche,308770,2778930
670,Sombrero de verano,591938,5919380
62,Blusa de seda,559161,8946576
543,Pijama de algodón,471473,4714730
377,Camisa Basica,278605,5014890
55,Camiseta polo,596516,2386064
962,Shorts de playa,150851,1961063
898,Chándal,471138,6124794
966,Camisa Cuello V,502102,5523122
631,Calcetines de algodón,295691,0
191,Camisa Polo,544342,6532104
366,Camisa Cuello V,279135,5024430
51,Pantaloneta,237975,951900
569,Sudadera,254542,4327214
712,Sombrero de verano,426004,426004
347,Buso,352083,3168747
583,Chaqueta Cuero Dama,324845,974535
73,Zapatos de tacón,210381,2103810
910,Leggings deportivos,584567,5261103
231,Chaqueta de invierno,183267,3115539
792,Camisa a rayas,467197,4204773
625,Calcetines de algodón,349832,6646808
285,Gorro de esquí,350520,3505200
916,Zapatos de vestir,228000,228000
116,Gorros de baño,536697,0
359,Pantalones de yoga,508072,9653368
29,Shorts de playa,300879,2707911
814,Camisa Basica,413543,0
802,Medias Tobilleras,389273,778546
263,Reloj Caballero,250443,2754873
880,Gorro de esquí,486661,486661
18,Vestido de noche,327700,4587800
918,Blusa,355216,710432
264,Medias Largas,299990,5699810
778,Pines (accesorios),158893,1906716
817,Gorros de baño,295658,2069606
559,Correa,459159,8724021
530,Vestido de noche,244831,979324
984,Sudadera,298748,2091236
375,Pantalon,484527,2907162
319,Falda plisada,543703,8155545
273,Reloj Dama,276187,1933309
729,Camisa Polo,249181,996724
707,Pañuelo de seda,362955,6170235
143,Zapatos,170197,1191379
763,Chaqueta Cuero Caballero,595008,595008
132,Pantaloneta,548817,8232255
333,Chaqueta de cuero,428195,2140975
253,Cartera,240861,3612915
662,Mochila,434799,8261181
570,Anillo de diamantes,224575,2470325
646,Pantalon,273779,2737790
527,Blusa,220808,1987272
467,Vestido de verano,496235,6947290
859,Gorro de lana,544092,4896828
308,Cinturón de cuero,562606,6188666
494,Gafas de sol,203318,3659724
149,Bono Regalo,373070,5969120
295,Sudadera ligera,559386,6153246
707,Pantalon,218938,0
235,Blusa de seda,285537,4283055
353,Bono Regalo,460571,8290278
308,Camiseta básica,425386,425386
428,Abrigo largo,490497,5395467
289,Chaleco acolchado,416320,2497920
690,Pantalones cargo,568481,9664177
32,Vestido,448206,1344618
562,Pantalon,554192,5541920
466,Camisa a rayas,486687,4866870
743,Pantalones cortos,436846,436846
288,Blusa estampada,445647,6239058
566,Camiseta de tirantes,268102,3217224
467,Vestido de verano,290119,2030833
86,Chaqueta vaquera,545552,4364416
944,Pañuelo de seda,187704,1689336
492,Blusa estampada,381129,6098064
333,Camisa a rayas,321114,5137824
884,Reloj Dama,502275,502275
494,Mochila,281909,5074362
858,Gorro de esquí,171641,2059692
312,Pantaloneta,351537,4218444
799,Sudadera con capucha,455196,910392
354,Termo,464936,1859744
666,Chaqueta vaquera,324004,3240040
160,Corbata de seda,175431,2456034
985,Reloj Dama,174229,2961893
6,Pantalones de yoga,563900,3947300
667,Blusa,529946,529946
710,Short,285806,1429030
683,Chaqueta de cuero,391785,7052130
597,Cordones,372996,7086924
893,Gorro de lana,206557,2065570
568,Chaleco acolchado,518296,9847624
624,Camisa Cuello V,189066,2646924
643,Calcetines de algodón,428617,5143404
532,Chaleco acolchado,439568,4395680
974,Bolso de mano,270322,4865796
499,Vestido de verano,542063,2710315
496,Correa,240437,4327866
503,Camisa Basica,553450,2767250
248,Medias Largas,192359,2693026
78,Vestido,150095,1951235
819,Termo,175820,2109840
744,Chándal,186842,373684
75,Gorro de lana,433881,1735524
976,Corbata de seda,238238,2382380
958,Bikini,411583,1646332
461,Zapatos de tacón,415742,2078710
336,Zapatos de lona,276614,1936298
315,Vestido,250348,1752436
927,Medias Tobilleras,358251,4299012
864,Corbata de seda,338331,4736634
870,Vestido de noche,473733,3789864
879,Zapatos,583946,7007352
943,Termo,181021,724084
679,Reloj de pulsera,570883,2854415
261,Vestido,159998,799990
193,Botas de montaña,538137,4305096
23,Cartera,406536,3252288
753,Chaqueta de invierno,282804,282804
562,Sudadera ligera,266662,2133296
544,Cartera,418535,837070
208,Pantalones vaqueros,161159,1611590
951,Gorros de baño,227257,0
406,Vestido elegante,275457,3580941
497,Falda plisada,563755,7892570
154,Pantaloneta,468349,936698
293,Falda plisada,233024,2796288
846,Camisa a rayas,307198,4300772
475,Zapatos deportivos,249175,498350
686,Correa,199794,1398558
537,Bono Regalo,579832,6378152
137,Falda plisada,349683,1049049
852,Chaqueta vaquera,287485,3449820
376,Chaleco acolchado,398362,5975430
572,Chaqueta vaquera,158116,1106812
396,Bufanda de lana,438250,2629500
487,Mochila,283461,0
363,Sudadera ligera,418200,0
310,Chaqueta de invierno,377683,6798294
326,Reloj de pulsera,197739,2768346
16,Medias Largas,269703,2697030
425,Gorra,501595,5517545
937,Buso,570889,10846891
173,Chaqueta Cuero Dama,586870,6455570
845,Vestido,511628,5116280
879,Pantaloneta,263169,526338
839,Vestido elegante,329431,658862
910,Pantalones de yoga,209353,1256118
760,Gorro de esquí,473808,8528544
379,Botas de montaña,410014,5740196
985,Pines (accesorios),435300,5658900
584,Jersey de lana,480625,1441875
668,Reloj de pulsera,372726,745452
944,Reloj Dama,486364,8268188
635,Chándal,259444,1037776
548,Sombrero de verano,396054,3564486
605,Cartera,458182,3207274
705,Cartera,474040,0
256,Pantaloneta,292991,5566829
284,Chaqueta Cuero Dama,450629,1351887
140,Calcetines de algodón,445274,2226370
718,Camiseta básica,348067,3132603
145,Reloj de pulsera,504907,9593233
74,Bolso de mano,245290,735870
573,Camiseta polo,308540,308540
860,Blusa de seda,248301,0
241,Cinturón de cuero,349117,349117
892,Abrigo largo,422010,1688040
397,Mono corto,372682,3354138
456,Gafas de sol,198217,594651
888,Blusa de seda,489328,489328
428,Camiseta de tirantes,363372,363372
28,Cordones,320574,4488036
258,Pantalones vaqueros,295590,4433850
534,Camiseta de tirantes,211115,844460
142,Calcetines de algodón,173092,1038552
522,Termo,555891,9450147
658,Falda plisada,174520,2966840
602,Camisa Polo,230418,691254
413,Camiseta de tirantes,179021,2148252
103,Gorra,367218,3304962
892,Chaqueta vaquera,295701,3844113
23,Zapatos,526941,0
823,Zapatos de tacón,332898,3328980
376,Chaqueta Cuero Dama,544531,2722655
12,Camiseta de tirantes,186249,2421237
39,Jersey de lana,489470,5873640
834,Gorro de esquí,281268,843804
736,Falda plisada,264431,1057724
136,Sombrero de verano,304207,1825242
399,Pijama de algodón,538454,10230626
511,Traje de baño,389518,5842770
758,Pantaloneta,521345,2085380
646,Falda plisada,175315,1577835
459,Pantalones de yoga,565474,4523792
600,Short,317999,953997
820,Gafas de sol,457231,8687389
576,Reloj Caballero,273273,3006003
607,Chaqueta de invierno,501477,1504431
988,Sombrero de verano,240718,4332924
946,Zapatos,308947,5869993
510,Mono corto,405332,5269316
107,Mono corto,551201,8268015
553,Camiseta de tirantes,478330,6696620
152,Cinturón de cuero,366316,4395792
205,Botas de montaña,501790,5519690
85,Gafas de sol,198726,596178
63,Chaqueta vaquera,553866,6646392
964,Camisa a rayas,447390,0
761,Shorts de playa,316801,3168010
209,Corbata de seda,232979,1164895
272,Vestido,342159,2737272
967,Sudadera ligera,455604,5922852
110,Anillo de diamantes,506020,2024080
77,Zapatos de vestir,399057,1197171
815,Reloj Dama,208163,3122445
137,Zapatos deportivos,294715,0
894,Gorro de esquí,203337,1830033
327,Mono corto,400558,1201674
390,Camiseta básica,181858,2364154
541,Gorro de esquí,164516,2138708
448,Blusa de seda,283384,1416920
200,Zapatillas de casa,218207,0
925,Sombrero de verano,409239,0
672,Vestido elegante,184653,184653
973,Chaqueta de cuero,409939,4919268
48,Pantalones vaqueros,291123,1164492
846,Zapatos de vestir,246737,2714107
487,Zapatillas de casa,380194,0
639,Chaqueta Cuero Dama,260874,2086992
928,Mochila,160202,0
767,Chándal,274919,3848866
950,Calcetines de algodón,163441,2124733
781,Corbata de seda,460752,4146768
698,Falda plisada,308100,2156700
593,Chándal,395280,6719760
374,Camisa Basica,368769,0
861,Chaqueta de invierno,354402,2835216
422,Termo,561266,9541522
612,Gorra,457475,914950
406,Zapatos de vestir,414081,3312648
8,Reloj Caballero,231352,2082168
965,Reloj de pulsera,209838,3777084
731,Cinturón de cuero,524202,4717818
343,Camisa Cuello V,280296,3363552
617,Sudadera ligera,179876,1079256
930,Pantalones cortos,411031,4932372
82,Abrigo largo,426808,1280424
462,Sudadera con capucha,255951,255951
470,Cordones,176418,882090
651,Camisa Basica,545123,7086599
840,Pantalones vaqueros,461105,7838785
445,Mono corto,248408,3229304
914,Blusa de seda,598999,10781982
731,Camiseta de tirantes,245354,981416
399,Vestido elegante,186311,558933
860,Reloj Caballero,497414,3979312
282,Vestido de noche,234258,3748128
797,Pantalones cargo,474144,1422432
612,Gorra,339632,1698160
788,Abrigo largo,418949,0
333,Vestido elegante,495780,1487340
267,Sudadera con capucha,425113,4251130
496,Bikini,214890,1504230
682,Medias Tobilleras,509694,3567858
690,Vestido de verano,274945,3024395
388,Blusa,176619,2649285
809,Jersey de lana,329381,3623191
540,Gorra,528046,5280460
560,Blusa estampada,218981,437962
827,Calcetines de algodón,290511,5519709
840,Gorro de lana,484365,5328015
206,Zapatos deportivos,388453,1165359
635,Medias Largas,455160,910320
429,Camiseta básica,281518,3941252
330,Cordones,301282,602564
438,Short,334953,3014577
54,Camisa Cuello V,173026,519078
356,Vestido de noche,529678,4237424
478,Falda plisada,378704,0
255,Blusa,492051,1968204
951,Vestido,420834,2945838
55,Leggings deportivos,551943,2207772
93,Chándal,439904,6598560
930,Reloj Caballero,480524,3363668
244,Reloj de pulsera,372963,3729630
11,Pines (accesorios),285581,2284648
823,Correa,432833,3029831
616,Chaleco acolchado,366128,5858048
754,Bikini,290222,0
328,Gorro de esquí,448327,3586616
754,Cartera,435194,435194
333,Sombrero de verano,212456,2124560
661,Chaqueta de invierno,234140,2341400
514,Short,201469,2820566
940,Blusa estampada,564196,1128392
884,Vestido de verano,469536,6573504
449,Chándal,327371,0
646,Mono corto,414026,4140260
105,Camisa Polo,443097,1329291
647,Bikini,192207,768828
319,Reloj Caballero,598391,2393564
633,Zapatos deportivos,570743,7419659
643,Reloj de pulsera,512956,3077736
214,Medias Largas,164816,164816
142,Pantalon,381702,2671914
956,Pañuelo de seda,420651,7571718
200,Bolso de mano,439597,439597
154,Medias Tobilleras,269990,3779860
601,Falda plisada,302294,0
416,Pantalones cargo,504536,4540824
610,Bolso de mano,314903,0
483,Correa,539840,3778880
87,Blusa de seda,579267,3475602
413,Buso,369520,2217120
398,Blusa,345035,0
425,Buso,475577,7609232
901,Sudadera con capucha,518745,1037490
168,Camisa Polo,198213,1783917
813,Pantalon,555661,10557559
960,Camiseta básica,247936,3719040
298,Camiseta de tirantes,286251,0
646,Reloj Caballero,224335,897340
371,Gorros de baño,538278,3767946
975,Anillo de diamantes,264749,4235984
692,Camisa Polo,228028,2052252
216,Sombrero de verano,513410,4107280
232,Chaleco acolchado,382587,6886566
561,Gorra,271361,1356805
752,Corbata de seda,416570,0
80,Pines (accesorios),208876,1253256
393,Gorros de baño,254332,4832308
268,Chaqueta de invierno,444050,3996450
77,Chaleco acolchado,564506,10161108
773,Zapatos deportivos,456985,7768745
482,Short,252794,2527940
264,Mono corto,573852,5164668
529,Chaleco acolchado,549653,2198612
231,Termo,464058,8817102
147,Sudadera,326765,2287355
120,Calcetines de algodón,465592,4190328
261,Abrigo largo,200923,3214768
93,Anillo de diamantes,338835,2710680
627,Termo,315898,1579490
220,Correa,240129,960516
418,Pines (accesorios),180102,900510
128,Chaleco acolchado,437230,4372300
663,Traje de baño,355150,710300
250,Gafas de sol,413838,5379894
406,Blusa,381833,6872994
627,Leggings deportivos,310776,5904744
979,Medias Tobilleras,453346,5440152
426,Gorro de lana,414953,7469154
393,Jersey de lana,279375,0
478,Pantalones vaqueros,556119,2224476
985,Pañuelo de seda,557009,4456072
82,Reloj de pulsera,498745,5984940
442,Chaqueta Cuero Caballero,372404,6703272
738,Short,219067,1314402
390,Camiseta polo,503867,2519335
172,Gorro de esquí,328774,1972644
333,Pantalones de yoga,399770,2798390
979,Pantaloneta,413042,4956504
437,Chaqueta Cuero Caballero,545041,8175615
26,Vestido,335695,5035425
414,Sudadera,278734,1393670
701,Reloj Caballero,564631,5081679
452,Buso,499050,4491450
746,Zapatos de vestir,553078,7190014
154,Gorro de lana,448974,4938714
336,Zapatillas de casa,276712,4427392
164,Sombrero de verano,415487,6647792
866,Zapatos de lona,427470,427470
903,Sudadera ligera,179751,1797510
812,Chaqueta de cuero,226330,2036970
28,Termo,424265,1697060
393,Pañuelo de seda,447241,8050338
534,Camisa Cuello V,288444,4326660
614,Camisa Cuello V,485969,6317597
177,Pantalones cargo,185581,371162
83,Termo,488893,1466679
952,Gafas de sol,260649,521298
875,Sudadera con capucha,310095,3721140
522,Pantalones de yoga,181883,545649
364,Zapatos de vestir,459292,6430088
640,Reloj Caballero,239442,239442
941,Sudadera con capucha,248022,2232198
92,Zapatos de vestir,306789,3374679
504,Cinturón de cuero,214019,642057
15,Camiseta polo,393366,3146928
460,Reloj Caballero,334833,5692161
204,Medias Tobilleras,550904,10467176
375,Pijama de algodón,489142,3913136
280,Medias Largas,260019,2340171
286,Reloj Dama,577858,5778580
246,Chaqueta de invierno,550997,1652991
572,Gorros de baño,563384,3943688
44,Camisa Polo,430715,861430
365,Blusa de seda,485181,1455543
665,Zapatos de vestir,204335,1021675
283,Chándal,579076,9844292
765,Bolso de mano,205632,1645056
496,Sudadera ligera,587351,5286159
851,Traje de baño,549510,6594120
219,Chaqueta de cuero,375267,4127937
343,Blusa de seda,199101,3583818
331,Reloj Caballero,303669,3947697
983,Medias Tobilleras,286663,1146652
466,Anillo de diamantes,386263,4248893
179,Jersey de lana,507063,1014126
153,Shorts de playa,541779,8126685
371,Reloj de pulsera,562363,8435445
219,Jersey de lana,287957,287957
20,Shorts de playa,520953,5209530
734,Medias Largas,404115,404115
462,Sombrero de verano,571735,8576025
152,Chaqueta de cuero,246588,0
557,Zapatos de lona,465736,8848984
321,Camisa a rayas,468201,4682010
124,Pantalones cargo,162369,2597904
9,Zapatos de lona,575258,9204128
679,Gorro de lana,230472,1152360
925,Correa,505580,3539060
156,Reloj Dama,305525,2444200
905,Botas de montaña,318947,1913682
581,Cartera,312038,4680570
211,Bikini,208434,1459038
451,Bolso de mano,330246,660492
855,Camiseta de tirantes,283309,1416545
270,Medias Tobilleras,325522,325522
693,Zapatos de vestir,187268,2621752
610,Camisa Basica,597876,8370264
347,Bolso de mano,318165,2545320
483,Pañuelo de seda,317863,2860767
685,Chaqueta vaquera,305290,3663480
862,Chaqueta Cuero Dama,373325,4106575
808,Cordones,416014,4160140
666,Zapatos,395659,5143567
539,Zapatos de lona,240997,3132961
778,Falda plisada,220518,1102590
888,Gorros de baño,425151,4251510
633,Zapatos de tacón,357051,4641663
605,Chaqueta de cuero,556921,2227684
594,Zapatos de tacón,583028,2332112
760,Cordones,297474,4164636
761,Chaqueta vaquera,423080,7615440
79,Gorro de lana,172758,1209306
103,Leggings deportivos,341853,1025559
288,Calcetines de algodón,479299,7668784
723,Buso,396876,7540644
668,Vestido de verano,206736,3307776
731,Blusa estampada,512682,512682
779,Mochila,378061,0
382,Sombrero de verano,353974,2477818
670,Bono Regalo,500439,2001756
87,Buso,204154,204154
223,Cinturón de cuero,452049,7684833
